kind,metric,size,sample,nanoseconds,allocations,retained_bytes
raw,raw_entt_view,100000,0,973500,0,0
raw,raw_entt_view,100000,1,939600,0,0
raw,raw_entt_view,100000,2,964200,0,0
raw,raw_entt_view,100000,3,970300,0,0
raw,raw_entt_view,100000,4,972300,0,0
raw,raw_entt_view,100000,5,974600,0,0
raw,raw_entt_view,100000,6,963800,0,0
raw,raw_entt_view,100000,7,980100,0,0
raw,raw_entt_view,100000,8,964600,0,0
raw,raw_entt_view,100000,9,967300,0,0
raw,raw_entt_view,100000,10,965000,0,0
raw,raw_entt_view,100000,11,965700,0,0
raw,raw_entt_view,100000,12,964500,0,0
raw,raw_entt_view,100000,13,982400,0,0
raw,raw_entt_view,100000,14,974100,0,0
raw,raw_entt_view,100000,15,964600,0,0
raw,raw_entt_view,100000,16,964800,0,0
raw,raw_entt_view,100000,17,967300,0,0
raw,raw_entt_view,100000,18,967200,0,0
raw,raw_entt_view,100000,19,962200,0,0
raw,raw_entt_view,100000,20,963700,0,0
raw,raw_entt_view,100000,21,986200,0,0
raw,raw_entt_view,100000,22,1106100,0,0
raw,raw_entt_view,100000,23,986200,0,0
raw,raw_entt_view,100000,24,1038900,0,0
raw,raw_entt_view,100000,25,987300,0,0
raw,raw_entt_view,100000,26,971700,0,0
raw,raw_entt_view,100000,27,974800,0,0
raw,raw_entt_view,100000,28,941900,0,0
raw,raw_entt_view,100000,29,991000,0,0
raw,world_read_query,100000,0,835400,0,0
raw,world_read_query,100000,1,819700,0,0
raw,world_read_query,100000,2,818300,0,0
raw,world_read_query,100000,3,831800,0,0
raw,world_read_query,100000,4,835900,0,0
raw,world_read_query,100000,5,912700,0,0
raw,world_read_query,100000,6,818900,0,0
raw,world_read_query,100000,7,909300,0,0
raw,world_read_query,100000,8,828300,0,0
raw,world_read_query,100000,9,819100,0,0
raw,world_read_query,100000,10,847200,0,0
raw,world_read_query,100000,11,820800,0,0
raw,world_read_query,100000,12,834800,0,0
raw,world_read_query,100000,13,821200,0,0
raw,world_read_query,100000,14,830200,0,0
raw,world_read_query,100000,15,842700,0,0
raw,world_read_query,100000,16,838700,0,0
raw,world_read_query,100000,17,839700,0,0
raw,world_read_query,100000,18,841700,0,0
raw,world_read_query,100000,19,835000,0,0
raw,world_read_query,100000,20,837100,0,0
raw,world_read_query,100000,21,846000,0,0
raw,world_read_query,100000,22,853400,0,0
raw,world_read_query,100000,23,829500,0,0
raw,world_read_query,100000,24,863900,0,0
raw,world_read_query,100000,25,841500,0,0
raw,world_read_query,100000,26,834700,0,0
raw,world_read_query,100000,27,844000,0,0
raw,world_read_query,100000,28,827400,0,0
raw,world_read_query,100000,29,818900,0,0
raw,raw_entt_view,1000000,0,11710600,0,0
raw,raw_entt_view,1000000,1,11554700,0,0
raw,raw_entt_view,1000000,2,10569300,0,0
raw,raw_entt_view,1000000,3,11211800,0,0
raw,raw_entt_view,1000000,4,10453600,0,0
raw,raw_entt_view,1000000,5,11021300,0,0
raw,raw_entt_view,1000000,6,10545400,0,0
raw,raw_entt_view,1000000,7,11001800,0,0
raw,raw_entt_view,1000000,8,10447300,0,0
raw,raw_entt_view,1000000,9,11040600,0,0
raw,raw_entt_view,1000000,10,10355100,0,0
raw,raw_entt_view,1000000,11,11085300,0,0
raw,raw_entt_view,1000000,12,10463600,0,0
raw,raw_entt_view,1000000,13,10955100,0,0
raw,raw_entt_view,1000000,14,10435600,0,0
raw,raw_entt_view,1000000,15,11204100,0,0
raw,raw_entt_view,1000000,16,10710600,0,0
raw,raw_entt_view,1000000,17,10111700,0,0
raw,raw_entt_view,1000000,18,9951600,0,0
raw,raw_entt_view,1000000,19,10256100,0,0
raw,raw_entt_view,1000000,20,10316800,0,0
raw,raw_entt_view,1000000,21,10488900,0,0
raw,raw_entt_view,1000000,22,10304400,0,0
raw,raw_entt_view,1000000,23,11300500,0,0
raw,raw_entt_view,1000000,24,10458000,0,0
raw,raw_entt_view,1000000,25,11187500,0,0
raw,raw_entt_view,1000000,26,10522800,0,0
raw,raw_entt_view,1000000,27,11283200,0,0
raw,raw_entt_view,1000000,28,10604600,0,0
raw,raw_entt_view,1000000,29,11102500,0,0
raw,world_read_query,1000000,0,10073400,0,0
raw,world_read_query,1000000,1,9598000,0,0
raw,world_read_query,1000000,2,9994100,0,0
raw,world_read_query,1000000,3,9612700,0,0
raw,world_read_query,1000000,4,9980100,0,0
raw,world_read_query,1000000,5,9301700,0,0
raw,world_read_query,1000000,6,9945700,0,0
raw,world_read_query,1000000,7,9168900,0,0
raw,world_read_query,1000000,8,9957000,0,0
raw,world_read_query,1000000,9,9208500,0,0
raw,world_read_query,1000000,10,9747200,0,0
raw,world_read_query,1000000,11,9159500,0,0
raw,world_read_query,1000000,12,9946900,0,0
raw,world_read_query,1000000,13,9378100,0,0
raw,world_read_query,1000000,14,9898400,0,0
raw,world_read_query,1000000,15,9168200,0,0
raw,world_read_query,1000000,16,9865700,0,0
raw,world_read_query,1000000,17,8745000,0,0
raw,world_read_query,1000000,18,9114700,0,0
raw,world_read_query,1000000,19,8694200,0,0
raw,world_read_query,1000000,20,9186300,0,0
raw,world_read_query,1000000,21,8625400,0,0
raw,world_read_query,1000000,22,9200500,0,0
raw,world_read_query,1000000,23,9574800,0,0
raw,world_read_query,1000000,24,10198100,0,0
raw,world_read_query,1000000,25,9391000,0,0
raw,world_read_query,1000000,26,9998200,0,0
raw,world_read_query,1000000,27,9596500,0,0
raw,world_read_query,1000000,28,10133900,0,0
raw,world_read_query,1000000,29,9189400,0,0
raw,world_edit_write_query,100000,0,1136400,0,0
raw,world_edit_write_query,100000,1,1164400,0,0
raw,world_edit_write_query,100000,2,1144700,0,0
raw,world_edit_write_query,100000,3,1160500,0,0
raw,world_edit_write_query,100000,4,1160900,0,0
raw,world_edit_write_query,100000,5,1169700,0,0
raw,world_edit_write_query,100000,6,1134400,0,0
raw,world_edit_write_query,100000,7,1158900,0,0
raw,world_edit_write_query,100000,8,1165200,0,0
raw,world_edit_write_query,100000,9,1175200,0,0
raw,world_edit_write_query,100000,10,1193800,0,0
raw,world_edit_write_query,100000,11,1134300,0,0
raw,world_edit_write_query,100000,12,1145900,0,0
raw,world_edit_write_query,100000,13,1081500,0,0
raw,world_edit_write_query,100000,14,940500,0,0
raw,world_edit_write_query,100000,15,926400,0,0
raw,world_edit_write_query,100000,16,915200,0,0
raw,world_edit_write_query,100000,17,943000,0,0
raw,world_edit_write_query,100000,18,924700,0,0
raw,world_edit_write_query,100000,19,916600,0,0
raw,world_edit_write_query,100000,20,933400,0,0
raw,world_edit_write_query,100000,21,929500,0,0
raw,world_edit_write_query,100000,22,913800,0,0
raw,world_edit_write_query,100000,23,913800,0,0
raw,world_edit_write_query,100000,24,911100,0,0
raw,world_edit_write_query,100000,25,909300,0,0
raw,world_edit_write_query,100000,26,904500,0,0
raw,world_edit_write_query,100000,27,929800,0,0
raw,world_edit_write_query,100000,28,925200,0,0
raw,world_edit_write_query,100000,29,926900,0,0
raw,schedule_write_query,100000,0,1687300,0,0
raw,schedule_write_query,100000,1,1673300,0,0
raw,schedule_write_query,100000,2,1533600,0,0
raw,schedule_write_query,100000,3,1372000,0,0
raw,schedule_write_query,100000,4,1373200,0,0
raw,schedule_write_query,100000,5,1362500,0,0
raw,schedule_write_query,100000,6,1365300,0,0
raw,schedule_write_query,100000,7,1360600,0,0
raw,schedule_write_query,100000,8,1368200,0,0
raw,schedule_write_query,100000,9,1372800,0,0
raw,schedule_write_query,100000,10,1386800,0,0
raw,schedule_write_query,100000,11,1353100,0,0
raw,schedule_write_query,100000,12,1366100,0,0
raw,schedule_write_query,100000,13,1378300,0,0
raw,schedule_write_query,100000,14,1352800,0,0
raw,schedule_write_query,100000,15,1363400,0,0
raw,schedule_write_query,100000,16,1400300,0,0
raw,schedule_write_query,100000,17,1390800,0,0
raw,schedule_write_query,100000,18,1373700,0,0
raw,schedule_write_query,100000,19,1356400,0,0
raw,schedule_write_query,100000,20,1379600,0,0
raw,schedule_write_query,100000,21,1401900,0,0
raw,schedule_write_query,100000,22,1409200,0,0
raw,schedule_write_query,100000,23,1363800,0,0
raw,schedule_write_query,100000,24,1393000,0,0
raw,schedule_write_query,100000,25,1395400,0,0
raw,schedule_write_query,100000,26,1389000,0,0
raw,schedule_write_query,100000,27,1361900,0,0
raw,schedule_write_query,100000,28,1372900,0,0
raw,schedule_write_query,100000,29,1368000,0,0
raw,world_edit_write_query,1000000,0,9330600,0,0
raw,world_edit_write_query,1000000,1,9256900,0,0
raw,world_edit_write_query,1000000,2,8872300,0,0
raw,world_edit_write_query,1000000,3,8855600,0,0
raw,world_edit_write_query,1000000,4,8851900,0,0
raw,world_edit_write_query,1000000,5,8975000,0,0
raw,world_edit_write_query,1000000,6,8844200,0,0
raw,world_edit_write_query,1000000,7,9306900,0,0
raw,world_edit_write_query,1000000,8,9020700,0,0
raw,world_edit_write_query,1000000,9,9137300,0,0
raw,world_edit_write_query,1000000,10,9017800,0,0
raw,world_edit_write_query,1000000,11,9397700,0,0
raw,world_edit_write_query,1000000,12,9006400,0,0
raw,world_edit_write_query,1000000,13,8983000,0,0
raw,world_edit_write_query,1000000,14,8896600,0,0
raw,world_edit_write_query,1000000,15,9245800,0,0
raw,world_edit_write_query,1000000,16,9357800,0,0
raw,world_edit_write_query,1000000,17,9030600,0,0
raw,world_edit_write_query,1000000,18,8848900,0,0
raw,world_edit_write_query,1000000,19,9840900,0,0
raw,world_edit_write_query,1000000,20,8764400,0,0
raw,world_edit_write_query,1000000,21,8813300,0,0
raw,world_edit_write_query,1000000,22,8835800,0,0
raw,world_edit_write_query,1000000,23,8890500,0,0
raw,world_edit_write_query,1000000,24,8939300,0,0
raw,world_edit_write_query,1000000,25,8876100,0,0
raw,world_edit_write_query,1000000,26,8920000,0,0
raw,world_edit_write_query,1000000,27,8847000,0,0
raw,world_edit_write_query,1000000,28,8894700,0,0
raw,world_edit_write_query,1000000,29,9099900,0,0
raw,schedule_write_query,1000000,0,13990800,0,0
raw,schedule_write_query,1000000,1,14148800,0,0
raw,schedule_write_query,1000000,2,14051900,0,0
raw,schedule_write_query,1000000,3,14187500,0,0
raw,schedule_write_query,1000000,4,14218700,0,0
raw,schedule_write_query,1000000,5,14580800,0,0
raw,schedule_write_query,1000000,6,15876100,0,0
raw,schedule_write_query,1000000,7,14538500,0,0
raw,schedule_write_query,1000000,8,14618400,0,0
raw,schedule_write_query,1000000,9,14609600,0,0
raw,schedule_write_query,1000000,10,14351000,0,0
raw,schedule_write_query,1000000,11,14657600,0,0
raw,schedule_write_query,1000000,12,14482200,0,0
raw,schedule_write_query,1000000,13,15454800,0,0
raw,schedule_write_query,1000000,14,15317800,0,0
raw,schedule_write_query,1000000,15,15593100,0,0
raw,schedule_write_query,1000000,16,15648700,0,0
raw,schedule_write_query,1000000,17,15728000,0,0
raw,schedule_write_query,1000000,18,15622600,0,0
raw,schedule_write_query,1000000,19,15740700,0,0
raw,schedule_write_query,1000000,20,16075400,0,0
raw,schedule_write_query,1000000,21,16113600,0,0
raw,schedule_write_query,1000000,22,16000200,0,0
raw,schedule_write_query,1000000,23,16053600,0,0
raw,schedule_write_query,1000000,24,15999900,0,0
raw,schedule_write_query,1000000,25,16238900,0,0
raw,schedule_write_query,1000000,26,15864500,0,0
raw,schedule_write_query,1000000,27,16139900,0,0
raw,schedule_write_query,1000000,28,15828300,0,0
raw,schedule_write_query,1000000,29,15890000,0,0
raw,world_get,1,0,6674900,0,0
raw,world_get,1,1,6662200,0,0
raw,world_get,1,2,6670500,0,0
raw,world_get,1,3,6692700,0,0
raw,world_get,1,4,6644400,0,0
raw,world_get,1,5,6742100,0,0
raw,world_get,1,6,6510600,0,0
raw,world_get,1,7,6473900,0,0
raw,world_get,1,8,6465100,0,0
raw,world_get,1,9,6494200,0,0
raw,world_get,1,10,6507800,0,0
raw,world_get,1,11,6497900,0,0
raw,world_get,1,12,6487500,0,0
raw,world_get,1,13,6500000,0,0
raw,world_get,1,14,6501200,0,0
raw,world_get,1,15,6498500,0,0
raw,world_get,1,16,6489700,0,0
raw,world_get,1,17,6465700,0,0
raw,world_get,1,18,6500800,0,0
raw,world_get,1,19,6502600,0,0
raw,world_get,1,20,6570400,0,0
raw,world_get,1,21,6554200,0,0
raw,world_get,1,22,6563100,0,0
raw,world_get,1,23,6500000,0,0
raw,world_get,1,24,6508600,0,0
raw,world_get,1,25,6511100,0,0
raw,world_get,1,26,6502800,0,0
raw,world_get,1,27,6572200,0,0
raw,world_get,1,28,6526400,0,0
raw,world_get,1,29,6516100,0,0
raw,world_patch,1,0,2025800,0,0
raw,world_patch,1,1,2063200,0,0
raw,world_patch,1,2,2038100,0,0
raw,world_patch,1,3,2030300,0,0
raw,world_patch,1,4,2087900,0,0
raw,world_patch,1,5,2038500,0,0
raw,world_patch,1,6,2033900,0,0
raw,world_patch,1,7,2065700,0,0
raw,world_patch,1,8,2045300,0,0
raw,world_patch,1,9,2051000,0,0
raw,world_patch,1,10,2110200,0,0
raw,world_patch,1,11,2030700,0,0
raw,world_patch,1,12,2025700,0,0
raw,world_patch,1,13,2015100,0,0
raw,world_patch,1,14,1843000,0,0
raw,world_patch,1,15,1851000,0,0
raw,world_patch,1,16,1858300,0,0
raw,world_patch,1,17,1878300,0,0
raw,world_patch,1,18,1850100,0,0
raw,world_patch,1,19,1848900,0,0
raw,world_patch,1,20,1876000,0,0
raw,world_patch,1,21,1877900,0,0
raw,world_patch,1,22,1872800,0,0
raw,world_patch,1,23,1866500,0,0
raw,world_patch,1,24,1843300,0,0
raw,world_patch,1,25,1855600,0,0
raw,world_patch,1,26,1879100,0,0
raw,world_patch,1,27,1851700,0,0
raw,world_patch,1,28,1848800,0,0
raw,world_patch,1,29,1841600,0,0
raw,schedule_run,1,0,22500,0,0
raw,schedule_run,1,1,22600,0,0
raw,schedule_run,1,2,22300,0,0
raw,schedule_run,1,3,22400,0,0
raw,schedule_run,1,4,22400,0,0
raw,schedule_run,1,5,22300,0,0
raw,schedule_run,1,6,22400,0,0
raw,schedule_run,1,7,22400,0,0
raw,schedule_run,1,8,22400,0,0
raw,schedule_run,1,9,22400,0,0
raw,schedule_run,1,10,22400,0,0
raw,schedule_run,1,11,22400,0,0
raw,schedule_run,1,12,22400,0,0
raw,schedule_run,1,13,22400,0,0
raw,schedule_run,1,14,22400,0,0
raw,schedule_run,1,15,22400,0,0
raw,schedule_run,1,16,22400,0,0
raw,schedule_run,1,17,22300,0,0
raw,schedule_run,1,18,22400,0,0
raw,schedule_run,1,19,22300,0,0
raw,schedule_run,1,20,22100,0,0
raw,schedule_run,1,21,22400,0,0
raw,schedule_run,1,22,22400,0,0
raw,schedule_run,1,23,22300,0,0
raw,schedule_run,1,24,22300,0,0
raw,schedule_run,1,25,22400,0,0
raw,schedule_run,1,26,23200,0,0
raw,schedule_run,1,27,21900,0,0
raw,schedule_run,1,28,22000,0,0
raw,schedule_run,1,29,23300,0,0
raw,schedule_run,16,0,179700,0,0
raw,schedule_run,16,1,180100,0,0
raw,schedule_run,16,2,180200,0,0
raw,schedule_run,16,3,179600,0,0
raw,schedule_run,16,4,179800,0,0
raw,schedule_run,16,5,180400,0,0
raw,schedule_run,16,6,182100,0,0
raw,schedule_run,16,7,182800,0,0
raw,schedule_run,16,8,182800,0,0
raw,schedule_run,16,9,182700,0,0
raw,schedule_run,16,10,182200,0,0
raw,schedule_run,16,11,179400,0,0
raw,schedule_run,16,12,179500,0,0
raw,schedule_run,16,13,179300,0,0
raw,schedule_run,16,14,179400,0,0
raw,schedule_run,16,15,179900,0,0
raw,schedule_run,16,16,179700,0,0
raw,schedule_run,16,17,179900,0,0
raw,schedule_run,16,18,180000,0,0
raw,schedule_run,16,19,179500,0,0
raw,schedule_run,16,20,181000,0,0
raw,schedule_run,16,21,185500,0,0
raw,schedule_run,16,22,186700,0,0
raw,schedule_run,16,23,182900,0,0
raw,schedule_run,16,24,183500,0,0
raw,schedule_run,16,25,182400,0,0
raw,schedule_run,16,26,182300,0,0
raw,schedule_run,16,27,182500,0,0
raw,schedule_run,16,28,182600,0,0
raw,schedule_run,16,29,183100,0,0
raw,schedule_run,64,0,668600,0,0
raw,schedule_run,64,1,678800,0,0
raw,schedule_run,64,2,670800,0,0
raw,schedule_run,64,3,661400,0,0
raw,schedule_run,64,4,651900,0,0
raw,schedule_run,64,5,653300,0,0
raw,schedule_run,64,6,654500,0,0
raw,schedule_run,64,7,654700,0,0
raw,schedule_run,64,8,661900,0,0
raw,schedule_run,64,9,661900,0,0
raw,schedule_run,64,10,669800,0,0
raw,schedule_run,64,11,673000,0,0
raw,schedule_run,64,12,663000,0,0
raw,schedule_run,64,13,659800,0,0
raw,schedule_run,64,14,659100,0,0
raw,schedule_run,64,15,658500,0,0
raw,schedule_run,64,16,658500,0,0
raw,schedule_run,64,17,658600,0,0
raw,schedule_run,64,18,659500,0,0
raw,schedule_run,64,19,666300,0,0
raw,schedule_run,64,20,669500,0,0
raw,schedule_run,64,21,660000,0,0
raw,schedule_run,64,22,656800,0,0
raw,schedule_run,64,23,656300,0,0
raw,schedule_run,64,24,657700,0,0
raw,schedule_run,64,25,656600,0,0
raw,schedule_run,64,26,657600,0,0
raw,schedule_run,64,27,655700,0,0
raw,schedule_run,64,28,656500,0,0
raw,schedule_run,64,29,668200,0,0
raw,schedule_run,256,0,3232100,0,0
raw,schedule_run,256,1,3204300,0,0
raw,schedule_run,256,2,3222700,0,0
raw,schedule_run,256,3,3206200,0,0
raw,schedule_run,256,4,3183600,0,0
raw,schedule_run,256,5,3168200,0,0
raw,schedule_run,256,6,3156700,0,0
raw,schedule_run,256,7,3209500,0,0
raw,schedule_run,256,8,3184500,0,0
raw,schedule_run,256,9,3208500,0,0
raw,schedule_run,256,10,3166700,0,0
raw,schedule_run,256,11,3193700,0,0
raw,schedule_run,256,12,3170500,0,0
raw,schedule_run,256,13,3186300,0,0
raw,schedule_run,256,14,3190300,0,0
raw,schedule_run,256,15,3213200,0,0
raw,schedule_run,256,16,3186400,0,0
raw,schedule_run,256,17,3293500,0,0
raw,schedule_run,256,18,3268600,0,0
raw,schedule_run,256,19,3328400,0,0
raw,schedule_run,256,20,3276100,0,0
raw,schedule_run,256,21,3265000,0,0
raw,schedule_run,256,22,3266900,0,0
raw,schedule_run,256,23,3195800,0,0
raw,schedule_run,256,24,3190800,0,0
raw,schedule_run,256,25,3202200,0,0
raw,schedule_run,256,26,3199600,0,0
raw,schedule_run,256,27,3090600,0,0
raw,schedule_run,256,28,3083000,0,0
raw,schedule_run,256,29,3077700,0,0
raw,schedule_run,1024,0,12341800,0,0
raw,schedule_run,1024,1,13065400,0,0
raw,schedule_run,1024,2,12710200,0,0
raw,schedule_run,1024,3,12070000,0,0
raw,schedule_run,1024,4,11853700,0,0
raw,schedule_run,1024,5,11870700,0,0
raw,schedule_run,1024,6,11840800,0,0
raw,schedule_run,1024,7,11850800,0,0
raw,schedule_run,1024,8,12706100,0,0
raw,schedule_run,1024,9,12778400,0,0
raw,schedule_run,1024,10,12287100,0,0
raw,schedule_run,1024,11,12185300,0,0
raw,schedule_run,1024,12,12209800,0,0
raw,schedule_run,1024,13,12379500,0,0
raw,schedule_run,1024,14,12454500,0,0
raw,schedule_run,1024,15,12429500,0,0
raw,schedule_run,1024,16,12555400,0,0
raw,schedule_run,1024,17,12466900,0,0
raw,schedule_run,1024,18,12406000,0,0
raw,schedule_run,1024,19,12482300,0,0
raw,schedule_run,1024,20,12548800,0,0
raw,schedule_run,1024,21,12356600,0,0
raw,schedule_run,1024,22,12576000,0,0
raw,schedule_run,1024,23,12591700,0,0
raw,schedule_run,1024,24,12604300,0,0
raw,schedule_run,1024,25,12482200,0,0
raw,schedule_run,1024,26,12567400,0,0
raw,schedule_run,1024,27,12549900,0,0
raw,schedule_run,1024,28,12606300,0,0
raw,schedule_run,1024,29,12619300,0,0
raw,schedule_pure_object_lane,2,0,32300,0,0
raw,schedule_pure_object_lane,2,1,31500,0,0
raw,schedule_pure_object_lane,2,2,31100,0,0
raw,schedule_pure_object_lane,2,3,31200,0,0
raw,schedule_pure_object_lane,2,4,31200,0,0
raw,schedule_pure_object_lane,2,5,31200,0,0
raw,schedule_pure_object_lane,2,6,31200,0,0
raw,schedule_pure_object_lane,2,7,31200,0,0
raw,schedule_pure_object_lane,2,8,30700,0,0
raw,schedule_pure_object_lane,2,9,31200,0,0
raw,schedule_pure_object_lane,2,10,31200,0,0
raw,schedule_pure_object_lane,2,11,30700,0,0
raw,schedule_pure_object_lane,2,12,31700,0,0
raw,schedule_pure_object_lane,2,13,29000,0,0
raw,schedule_pure_object_lane,2,14,29000,0,0
raw,schedule_pure_object_lane,2,15,29000,0,0
raw,schedule_pure_object_lane,2,16,28300,0,0
raw,schedule_pure_object_lane,2,17,28300,0,0
raw,schedule_pure_object_lane,2,18,28300,0,0
raw,schedule_pure_object_lane,2,19,28300,0,0
raw,schedule_pure_object_lane,2,20,28400,0,0
raw,schedule_pure_object_lane,2,21,28400,0,0
raw,schedule_pure_object_lane,2,22,28300,0,0
raw,schedule_pure_object_lane,2,23,28800,0,0
raw,schedule_pure_object_lane,2,24,28800,0,0
raw,schedule_pure_object_lane,2,25,28900,0,0
raw,schedule_pure_object_lane,2,26,28800,0,0
raw,schedule_pure_object_lane,2,27,28800,0,0
raw,schedule_pure_object_lane,2,28,28800,0,0
raw,schedule_pure_object_lane,2,29,28900,0,0
raw,world_commands,1,0,3500,0,0
raw,world_commands,1,1,3400,0,0
raw,world_commands,1,2,3400,0,0
raw,world_commands,1,3,3400,0,0
raw,world_commands,1,4,3400,0,0
raw,world_commands,1,5,3400,0,0
raw,world_commands,1,6,3400,0,0
raw,world_commands,1,7,3400,0,0
raw,world_commands,1,8,3400,0,0
raw,world_commands,1,9,3400,0,0
raw,world_commands,1,10,3400,0,0
raw,world_commands,1,11,3400,0,0
raw,world_commands,1,12,3300,0,0
raw,world_commands,1,13,3300,0,0
raw,world_commands,1,14,3300,0,0
raw,world_commands,1,15,3400,0,0
raw,world_commands,1,16,3400,0,0
raw,world_commands,1,17,3400,0,0
raw,world_commands,1,18,3400,0,0
raw,world_commands,1,19,3300,0,0
raw,world_commands,1,20,3400,0,0
raw,world_commands,1,21,3400,0,0
raw,world_commands,1,22,3400,0,0
raw,world_commands,1,23,3300,0,0
raw,world_commands,1,24,3500,0,0
raw,world_commands,1,25,3300,0,0
raw,world_commands,1,26,3400,0,0
raw,world_commands,1,27,3300,0,0
raw,world_commands,1,28,3400,0,0
raw,world_commands,1,29,3400,0,0
raw,world_commands,100,0,124700,0,0
raw,world_commands,100,1,127900,0,0
raw,world_commands,100,2,125300,0,0
raw,world_commands,100,3,125800,0,0
raw,world_commands,100,4,124400,0,0
raw,world_commands,100,5,126300,0,0
raw,world_commands,100,6,120200,0,0
raw,world_commands,100,7,120500,0,0
raw,world_commands,100,8,122100,0,0
raw,world_commands,100,9,123600,0,0
raw,world_commands,100,10,122000,0,0
raw,world_commands,100,11,122300,0,0
raw,world_commands,100,12,122200,0,0
raw,world_commands,100,13,122200,0,0
raw,world_commands,100,14,124000,0,0
raw,world_commands,100,15,125400,0,0
raw,world_commands,100,16,124400,0,0
raw,world_commands,100,17,123100,0,0
raw,world_commands,100,18,120300,0,0
raw,world_commands,100,19,121300,0,0
raw,world_commands,100,20,124200,0,0
raw,world_commands,100,21,122600,0,0
raw,world_commands,100,22,122500,0,0
raw,world_commands,100,23,124700,0,0
raw,world_commands,100,24,125500,0,0
raw,world_commands,100,25,122200,0,0
raw,world_commands,100,26,122200,0,0
raw,world_commands,100,27,122100,0,0
raw,world_commands,100,28,123500,0,0
raw,world_commands,100,29,123800,0,0
raw,world_commands,10000,0,12188200,0,0
raw,world_commands,10000,1,13513300,0,0
raw,world_commands,10000,2,12198400,0,0
raw,world_commands,10000,3,12063600,0,0
raw,world_commands,10000,4,12050800,0,0
raw,world_commands,10000,5,12119100,0,0
raw,world_commands,10000,6,11965600,0,0
raw,world_commands,10000,7,11982400,0,0
raw,world_commands,10000,8,11866600,0,0
raw,world_commands,10000,9,12021300,0,0
raw,world_commands,10000,10,12100600,0,0
raw,world_commands,10000,11,12061800,0,0
raw,world_commands,10000,12,12037500,0,0
raw,world_commands,10000,13,17620500,0,0
raw,world_commands,10000,14,26276700,0,0
raw,world_commands,10000,15,34269200,0,0
raw,world_commands,10000,16,27987700,0,0
raw,world_commands,10000,17,29802300,0,0
raw,world_commands,10000,18,27041700,0,0
raw,world_commands,10000,19,28472500,0,0
raw,world_commands,10000,20,29821900,0,0
raw,world_commands,10000,21,29005700,0,0
raw,world_commands,10000,22,27409900,0,0
raw,world_commands,10000,23,25952200,0,0
raw,world_commands,10000,24,29807500,0,0
raw,world_commands,10000,25,29305100,0,0
raw,world_commands,10000,26,28555100,0,0
raw,world_commands,10000,27,28940500,0,0
raw,world_commands,10000,28,31762000,0,0
raw,world_commands,10000,29,34102500,0,0
raw,hierarchy_balanced_initial_sync,1000000,0,53694000,1,0
raw,hierarchy_balanced_initial_sync,1000000,1,44879500,1,0
raw,hierarchy_balanced_initial_sync,1000000,2,52918700,1,0
raw,hierarchy_balanced_initial_sync,1000000,3,50143900,1,0
raw,hierarchy_balanced_initial_sync,1000000,4,51208600,1,0
raw,hierarchy_balanced_initial_sync,1000000,5,51549700,1,0
raw,hierarchy_balanced_initial_sync,1000000,6,48133000,1,0
raw,hierarchy_balanced_initial_sync,1000000,7,45985900,1,0
raw,hierarchy_balanced_initial_sync,1000000,8,47363100,1,0
raw,hierarchy_balanced_initial_sync,1000000,9,50891800,1,0
raw,hierarchy_balanced_initial_sync,1000000,10,51467200,1,0
raw,hierarchy_balanced_initial_sync,1000000,11,51244700,1,0
raw,hierarchy_balanced_initial_sync,1000000,12,51095900,1,0
raw,hierarchy_balanced_initial_sync,1000000,13,44700100,1,0
raw,hierarchy_balanced_initial_sync,1000000,14,49982700,1,0
raw,hierarchy_balanced_initial_sync,1000000,15,60076600,1,0
raw,hierarchy_balanced_initial_sync,1000000,16,47895200,1,0
raw,hierarchy_balanced_initial_sync,1000000,17,49864000,1,0
raw,hierarchy_balanced_initial_sync,1000000,18,47358800,1,0
raw,hierarchy_balanced_initial_sync,1000000,19,44795900,1,0
raw,hierarchy_balanced_initial_sync,1000000,20,49750200,1,0
raw,hierarchy_balanced_initial_sync,1000000,21,52156100,1,0
raw,hierarchy_balanced_initial_sync,1000000,22,54934700,1,0
raw,hierarchy_balanced_initial_sync,1000000,23,51986400,1,0
raw,hierarchy_balanced_initial_sync,1000000,24,48975500,1,0
raw,hierarchy_balanced_initial_sync,1000000,25,56408900,1,0
raw,hierarchy_balanced_initial_sync,1000000,26,52198500,1,0
raw,hierarchy_balanced_initial_sync,1000000,27,53110800,1,0
raw,hierarchy_balanced_initial_sync,1000000,28,53390100,1,0
raw,hierarchy_balanced_initial_sync,1000000,29,48026100,1,0
raw,hierarchy_real_no_change,1000000,0,200,0,0
raw,hierarchy_real_no_change,1000000,1,100,0,0
raw,hierarchy_real_no_change,1000000,2,100,0,0
raw,hierarchy_real_no_change,1000000,3,100,0,0
raw,hierarchy_real_no_change,1000000,4,100,0,0
raw,hierarchy_real_no_change,1000000,5,100,0,0
raw,hierarchy_real_no_change,1000000,6,100,0,0
raw,hierarchy_real_no_change,1000000,7,100,0,0
raw,hierarchy_real_no_change,1000000,8,100,0,0
raw,hierarchy_real_no_change,1000000,9,100,0,0
raw,hierarchy_real_no_change,1000000,10,100,0,0
raw,hierarchy_real_no_change,1000000,11,100,0,0
raw,hierarchy_real_no_change,1000000,12,100,0,0
raw,hierarchy_real_no_change,1000000,13,0,0,0
raw,hierarchy_real_no_change,1000000,14,100,0,0
raw,hierarchy_real_no_change,1000000,15,100,0,0
raw,hierarchy_real_no_change,1000000,16,100,0,0
raw,hierarchy_real_no_change,1000000,17,0,0,0
raw,hierarchy_real_no_change,1000000,18,100,0,0
raw,hierarchy_real_no_change,1000000,19,100,0,0
raw,hierarchy_real_no_change,1000000,20,100,0,0
raw,hierarchy_real_no_change,1000000,21,100,0,0
raw,hierarchy_real_no_change,1000000,22,0,0,0
raw,hierarchy_real_no_change,1000000,23,100,0,0
raw,hierarchy_real_no_change,1000000,24,100,0,0
raw,hierarchy_real_no_change,1000000,25,100,0,0
raw,hierarchy_real_no_change,1000000,26,0,0,0
raw,hierarchy_real_no_change,1000000,27,100,0,0
raw,hierarchy_real_no_change,1000000,28,100,0,0
raw,hierarchy_real_no_change,1000000,29,100,0,0
raw,hierarchy_deep_initial_sync,100000,0,3433900,1,0
raw,hierarchy_deep_initial_sync,100000,1,3926600,1,0
raw,hierarchy_deep_initial_sync,100000,2,4623700,1,0
raw,hierarchy_deep_initial_sync,100000,3,4423200,1,0
raw,hierarchy_deep_initial_sync,100000,4,5073600,1,0
raw,hierarchy_deep_initial_sync,100000,5,7206800,1,0
raw,hierarchy_deep_initial_sync,100000,6,4176200,1,0
raw,hierarchy_deep_initial_sync,100000,7,5225200,1,0
raw,hierarchy_deep_initial_sync,100000,8,4640100,1,0
raw,hierarchy_deep_initial_sync,100000,9,4392800,1,0
raw,hierarchy_deep_initial_sync,100000,10,4301700,1,0
raw,hierarchy_deep_initial_sync,100000,11,5463200,1,0
raw,hierarchy_deep_initial_sync,100000,12,4052100,1,0
raw,hierarchy_deep_initial_sync,100000,13,4216900,1,0
raw,hierarchy_deep_initial_sync,100000,14,4641500,1,0
raw,hierarchy_deep_initial_sync,100000,15,4474700,1,0
raw,hierarchy_deep_initial_sync,100000,16,4946300,1,0
raw,hierarchy_deep_initial_sync,100000,17,4568900,1,0
raw,hierarchy_deep_initial_sync,100000,18,4584200,1,0
raw,hierarchy_deep_initial_sync,100000,19,4765600,1,0
raw,hierarchy_deep_initial_sync,100000,20,4744500,1,0
raw,hierarchy_deep_initial_sync,100000,21,4663900,1,0
raw,hierarchy_deep_initial_sync,100000,22,5314600,1,0
raw,hierarchy_deep_initial_sync,100000,23,4812700,1,0
raw,hierarchy_deep_initial_sync,100000,24,4600400,1,0
raw,hierarchy_deep_initial_sync,100000,25,4127200,1,0
raw,hierarchy_deep_initial_sync,100000,26,3952200,1,0
raw,hierarchy_deep_initial_sync,100000,27,4013500,1,0
raw,hierarchy_deep_initial_sync,100000,28,4209800,1,0
raw,hierarchy_deep_initial_sync,100000,29,4455500,1,0
raw,hierarchy_star_initial_sync,100000,0,3936300,1,0
raw,hierarchy_star_initial_sync,100000,1,4548400,1,0
raw,hierarchy_star_initial_sync,100000,2,3815000,1,0
raw,hierarchy_star_initial_sync,100000,3,3381600,1,0
raw,hierarchy_star_initial_sync,100000,4,4904400,1,0
raw,hierarchy_star_initial_sync,100000,5,3926100,1,0
raw,hierarchy_star_initial_sync,100000,6,5071800,1,0
raw,hierarchy_star_initial_sync,100000,7,4392800,1,0
raw,hierarchy_star_initial_sync,100000,8,3337800,1,0
raw,hierarchy_star_initial_sync,100000,9,4074400,1,0
raw,hierarchy_star_initial_sync,100000,10,4875000,1,0
raw,hierarchy_star_initial_sync,100000,11,5026000,1,0
raw,hierarchy_star_initial_sync,100000,12,5081900,1,0
raw,hierarchy_star_initial_sync,100000,13,3918000,1,0
raw,hierarchy_star_initial_sync,100000,14,3525200,1,0
raw,hierarchy_star_initial_sync,100000,15,4026600,1,0
raw,hierarchy_star_initial_sync,100000,16,6198400,1,0
raw,hierarchy_star_initial_sync,100000,17,4656900,1,0
raw,hierarchy_star_initial_sync,100000,18,5545400,1,0
raw,hierarchy_star_initial_sync,100000,19,4897600,1,0
raw,hierarchy_star_initial_sync,100000,20,4278800,1,0
raw,hierarchy_star_initial_sync,100000,21,4517900,1,0
raw,hierarchy_star_initial_sync,100000,22,3705900,1,0
raw,hierarchy_star_initial_sync,100000,23,3849300,1,0
raw,hierarchy_star_initial_sync,100000,24,5097000,1,0
raw,hierarchy_star_initial_sync,100000,25,4811000,1,0
raw,hierarchy_star_initial_sync,100000,26,3985000,1,0
raw,hierarchy_star_initial_sync,100000,27,3402900,1,0
raw,hierarchy_star_initial_sync,100000,28,3838500,1,0
raw,hierarchy_star_initial_sync,100000,29,4069800,1,0
raw,hierarchy_star_reparent,100000,0,4600,0,0
raw,hierarchy_star_reparent,100000,1,500,0,0
raw,hierarchy_star_reparent,100000,2,300,0,0
raw,hierarchy_star_reparent,100000,3,300,0,0
raw,hierarchy_star_reparent,100000,4,300,0,0
raw,hierarchy_star_reparent,100000,5,300,0,0
raw,hierarchy_star_reparent,100000,6,200,0,0
raw,hierarchy_star_reparent,100000,7,300,0,0
raw,hierarchy_star_reparent,100000,8,300,0,0
raw,hierarchy_star_reparent,100000,9,300,0,0
raw,hierarchy_star_reparent,100000,10,200,0,0
raw,hierarchy_star_reparent,100000,11,200,0,0
raw,hierarchy_star_reparent,100000,12,300,0,0
raw,hierarchy_star_reparent,100000,13,300,0,0
raw,hierarchy_star_reparent,100000,14,300,0,0
raw,hierarchy_star_reparent,100000,15,300,0,0
raw,hierarchy_star_reparent,100000,16,200,0,0
raw,hierarchy_star_reparent,100000,17,200,0,0
raw,hierarchy_star_reparent,100000,18,200,0,0
raw,hierarchy_star_reparent,100000,19,200,0,0
raw,hierarchy_star_reparent,100000,20,200,0,0
raw,hierarchy_star_reparent,100000,21,200,0,0
raw,hierarchy_star_reparent,100000,22,200,0,0
raw,hierarchy_star_reparent,100000,23,300,0,0
raw,hierarchy_star_reparent,100000,24,300,0,0
raw,hierarchy_star_reparent,100000,25,200,0,0
raw,hierarchy_star_reparent,100000,26,200,0,0
raw,hierarchy_star_reparent,100000,27,200,0,0
raw,hierarchy_star_reparent,100000,28,200,0,0
raw,hierarchy_star_reparent,100000,29,200,0,0
raw,hierarchy_cursor_overflow_resync,100000,0,4153600,0,0
raw,hierarchy_cursor_overflow_resync,100000,1,4312100,0,0
raw,hierarchy_cursor_overflow_resync,100000,2,3866900,0,0
raw,hierarchy_cursor_overflow_resync,100000,3,3409600,0,0
raw,hierarchy_cursor_overflow_resync,100000,4,6530900,0,0
raw,hierarchy_cursor_overflow_resync,100000,5,4891900,0,0
raw,hierarchy_cursor_overflow_resync,100000,6,4744900,0,0
raw,hierarchy_cursor_overflow_resync,100000,7,4398100,0,0
raw,hierarchy_cursor_overflow_resync,100000,8,4500000,0,0
raw,hierarchy_cursor_overflow_resync,100000,9,5471600,0,0
raw,hierarchy_cursor_overflow_resync,100000,10,3841500,0,0
raw,hierarchy_cursor_overflow_resync,100000,11,5491000,0,0
raw,hierarchy_cursor_overflow_resync,100000,12,4373200,0,0
raw,hierarchy_cursor_overflow_resync,100000,13,5623700,0,0
raw,hierarchy_cursor_overflow_resync,100000,14,5265500,0,0
raw,hierarchy_cursor_overflow_resync,100000,15,4623200,0,0
raw,hierarchy_cursor_overflow_resync,100000,16,4742900,0,0
raw,hierarchy_cursor_overflow_resync,100000,17,4110100,0,0
raw,hierarchy_cursor_overflow_resync,100000,18,4781900,0,0
raw,hierarchy_cursor_overflow_resync,100000,19,3816800,0,0
raw,hierarchy_cursor_overflow_resync,100000,20,5177500,0,0
raw,hierarchy_cursor_overflow_resync,100000,21,3830500,0,0
raw,hierarchy_cursor_overflow_resync,100000,22,5898700,0,0
raw,hierarchy_cursor_overflow_resync,100000,23,4027200,0,0
raw,hierarchy_cursor_overflow_resync,100000,24,4099900,0,0
raw,hierarchy_cursor_overflow_resync,100000,25,3836100,0,0
raw,hierarchy_cursor_overflow_resync,100000,26,4433600,0,0
raw,hierarchy_cursor_overflow_resync,100000,27,4369000,0,0
raw,hierarchy_cursor_overflow_resync,100000,28,5523900,0,0
raw,hierarchy_cursor_overflow_resync,100000,29,3776400,0,0
raw,transform_large_root_subtree,100000,0,17043900,0,0
raw,transform_large_root_subtree,100000,1,18155200,0,0
raw,transform_large_root_subtree,100000,2,14824100,0,0
raw,transform_large_root_subtree,100000,3,15136500,0,0
raw,transform_large_root_subtree,100000,4,15348200,0,0
raw,transform_large_root_subtree,100000,5,19122600,0,0
raw,transform_large_root_subtree,100000,6,20225400,0,0
raw,transform_large_root_subtree,100000,7,15442700,0,0
raw,transform_large_root_subtree,100000,8,14964400,0,0
raw,transform_large_root_subtree,100000,9,18896900,0,0
raw,transform_large_root_subtree,100000,10,18260700,0,0
raw,transform_large_root_subtree,100000,11,19731300,0,0
raw,transform_large_root_subtree,100000,12,17177100,0,0
raw,transform_large_root_subtree,100000,13,18287700,0,0
raw,transform_large_root_subtree,100000,14,16112200,0,0
raw,transform_large_root_subtree,100000,15,15099600,0,0
raw,transform_large_root_subtree,100000,16,14965300,0,0
raw,transform_large_root_subtree,100000,17,15807900,0,0
raw,transform_large_root_subtree,100000,18,18203500,0,0
raw,transform_large_root_subtree,100000,19,14326400,0,0
raw,transform_large_root_subtree,100000,20,14308600,0,0
raw,transform_large_root_subtree,100000,21,15876300,0,0
raw,transform_large_root_subtree,100000,22,17155800,0,0
raw,transform_large_root_subtree,100000,23,18516900,0,0
raw,transform_large_root_subtree,100000,24,17285900,0,0
raw,transform_large_root_subtree,100000,25,15600600,0,0
raw,transform_large_root_subtree,100000,26,16207300,0,0
raw,transform_large_root_subtree,100000,27,15541300,0,0
raw,transform_large_root_subtree,100000,28,14149300,0,0
raw,transform_large_root_subtree,100000,29,13634400,0,0
raw,transform_deep_propagation,100000,0,13668900,0,0
raw,transform_deep_propagation,100000,1,13369000,0,0
raw,transform_deep_propagation,100000,2,14608700,0,0
raw,transform_deep_propagation,100000,3,12503500,0,0
raw,transform_deep_propagation,100000,4,14761000,0,0
raw,transform_deep_propagation,100000,5,13040300,0,0
raw,transform_deep_propagation,100000,6,13740200,0,0
raw,transform_deep_propagation,100000,7,13067800,0,0
raw,transform_deep_propagation,100000,8,13454800,0,0
raw,transform_deep_propagation,100000,9,13535400,0,0
raw,transform_deep_propagation,100000,10,14133000,0,0
raw,transform_deep_propagation,100000,11,16456900,0,0
raw,transform_deep_propagation,100000,12,13340500,0,0
raw,transform_deep_propagation,100000,13,11852700,0,0
raw,transform_deep_propagation,100000,14,11881600,0,0
raw,transform_deep_propagation,100000,15,12045200,0,0
raw,transform_deep_propagation,100000,16,11802900,0,0
raw,transform_deep_propagation,100000,17,13845500,0,0
raw,transform_deep_propagation,100000,18,13631400,0,0
raw,transform_deep_propagation,100000,19,13589400,0,0
raw,transform_deep_propagation,100000,20,12122600,0,0
raw,transform_deep_propagation,100000,21,13754900,0,0
raw,transform_deep_propagation,100000,22,13353500,0,0
raw,transform_deep_propagation,100000,23,12948800,0,0
raw,transform_deep_propagation,100000,24,14468500,0,0
raw,transform_deep_propagation,100000,25,12207000,0,0
raw,transform_deep_propagation,100000,26,14878600,0,0
raw,transform_deep_propagation,100000,27,12381800,0,0
raw,transform_deep_propagation,100000,28,13438800,0,0
raw,transform_deep_propagation,100000,29,15008400,0,0
raw,transform_sparse_high_water,100000,0,2000,0,32400024
raw,transform_sparse_high_water,100000,1,1700,0,32400024
raw,transform_sparse_high_water,100000,2,1600,0,32400024
raw,transform_sparse_high_water,100000,3,1700,0,32400024
raw,transform_sparse_high_water,100000,4,1700,0,32400024
raw,transform_sparse_high_water,100000,5,1600,0,32400024
raw,transform_sparse_high_water,100000,6,1600,0,32400024
raw,transform_sparse_high_water,100000,7,1600,0,32400024
raw,transform_sparse_high_water,100000,8,1600,0,32400024
raw,transform_sparse_high_water,100000,9,1600,0,32400024
raw,transform_sparse_high_water,100000,10,1600,0,32400024
raw,transform_sparse_high_water,100000,11,1600,0,32400024
raw,transform_sparse_high_water,100000,12,1700,0,32400024
raw,transform_sparse_high_water,100000,13,1700,0,32400024
raw,transform_sparse_high_water,100000,14,1700,0,32400024
raw,transform_sparse_high_water,100000,15,1600,0,32400024
raw,transform_sparse_high_water,100000,16,1700,0,32400024
raw,transform_sparse_high_water,100000,17,1700,0,32400024
raw,transform_sparse_high_water,100000,18,1500,0,32400024
raw,transform_sparse_high_water,100000,19,1500,0,32400024
raw,transform_sparse_high_water,100000,20,1600,0,32400024
raw,transform_sparse_high_water,100000,21,8600,0,32400024
raw,transform_sparse_high_water,100000,22,1600,0,32400024
raw,transform_sparse_high_water,100000,23,1600,0,32400024
raw,transform_sparse_high_water,100000,24,1700,0,32400024
raw,transform_sparse_high_water,100000,25,1800,0,32400024
raw,transform_sparse_high_water,100000,26,1600,0,32400024
raw,transform_sparse_high_water,100000,27,1700,0,32400024
raw,transform_sparse_high_water,100000,28,1600,0,32400024
raw,transform_sparse_high_water,100000,29,1600,0,32400024
raw,snapshot_capture,10000,0,1328700,18,0
raw,snapshot_capture,10000,1,453800,18,0
raw,snapshot_capture,10000,2,676600,18,0
raw,snapshot_capture,10000,3,679300,18,0
raw,snapshot_capture,10000,4,880700,18,0
raw,snapshot_capture,10000,5,466300,18,0
raw,snapshot_capture,10000,6,452700,18,0
raw,snapshot_capture,10000,7,462800,18,0
raw,snapshot_capture,10000,8,458900,18,0
raw,snapshot_capture,10000,9,448500,18,0
raw,snapshot_capture,10000,10,448800,18,0
raw,snapshot_capture,10000,11,463700,18,0
raw,snapshot_capture,10000,12,697100,18,0
raw,snapshot_capture,10000,13,465600,18,0
raw,snapshot_capture,10000,14,452700,18,0
raw,snapshot_capture,10000,15,446800,18,0
raw,snapshot_capture,10000,16,453300,18,0
raw,snapshot_capture,10000,17,1549400,18,0
raw,snapshot_capture,10000,18,467900,18,0
raw,snapshot_capture,10000,19,459800,18,0
raw,snapshot_capture,10000,20,458000,18,0
raw,snapshot_capture,10000,21,1190000,18,0
raw,snapshot_capture,10000,22,468100,18,0
raw,snapshot_capture,10000,23,449300,18,0
raw,snapshot_capture,10000,24,452700,18,0
raw,snapshot_capture,10000,25,849000,18,0
raw,snapshot_capture,10000,26,451300,18,0
raw,snapshot_capture,10000,27,444200,18,0
raw,snapshot_capture,10000,28,443100,18,0
raw,snapshot_capture,10000,29,443800,18,0
raw,snapshot_instantiate,10000,0,464200,18,0
raw,snapshot_instantiate,10000,1,457300,18,0
raw,snapshot_instantiate,10000,2,463200,18,0
raw,snapshot_instantiate,10000,3,1161800,18,0
raw,snapshot_instantiate,10000,4,453600,18,0
raw,snapshot_instantiate,10000,5,447200,18,0
raw,snapshot_instantiate,10000,6,449800,18,0
raw,snapshot_instantiate,10000,7,449100,18,0
raw,snapshot_instantiate,10000,8,720900,18,0
raw,snapshot_instantiate,10000,9,803600,18,0
raw,snapshot_instantiate,10000,10,463400,18,0
raw,snapshot_instantiate,10000,11,450600,18,0
raw,snapshot_instantiate,10000,12,457000,18,0
raw,snapshot_instantiate,10000,13,446400,18,0
raw,snapshot_instantiate,10000,14,852100,18,0
raw,snapshot_instantiate,10000,15,448900,18,0
raw,snapshot_instantiate,10000,16,445900,18,0
raw,snapshot_instantiate,10000,17,444100,18,0
raw,snapshot_instantiate,10000,18,507300,18,0
raw,snapshot_instantiate,10000,19,449200,18,0
raw,snapshot_instantiate,10000,20,442300,18,0
raw,snapshot_instantiate,10000,21,444400,18,0
raw,snapshot_instantiate,10000,22,447700,18,0
raw,snapshot_instantiate,10000,23,813700,18,0
raw,snapshot_instantiate,10000,24,606200,18,0
raw,snapshot_instantiate,10000,25,652700,18,0
raw,snapshot_instantiate,10000,26,458000,18,0
raw,snapshot_instantiate,10000,27,447700,18,0
raw,snapshot_instantiate,10000,28,451900,18,0
raw,snapshot_instantiate,10000,29,443100,18,0
raw,snapshot_restore,10000,0,450700,18,0
raw,snapshot_restore,10000,1,450300,18,0
raw,snapshot_restore,10000,2,462000,18,0
raw,snapshot_restore,10000,3,448600,18,0
raw,snapshot_restore,10000,4,957800,18,0
raw,snapshot_restore,10000,5,573400,18,0
raw,snapshot_restore,10000,6,451200,18,0
raw,snapshot_restore,10000,7,447100,18,0
raw,snapshot_restore,10000,8,444300,18,0
raw,snapshot_restore,10000,9,1338300,18,0
raw,snapshot_restore,10000,10,449400,18,0
raw,snapshot_restore,10000,11,445900,18,0
raw,snapshot_restore,10000,12,446600,18,0
raw,snapshot_restore,10000,13,444500,18,0
raw,snapshot_restore,10000,14,1372200,18,0
raw,snapshot_restore,10000,15,451200,18,0
raw,snapshot_restore,10000,16,443200,18,0
raw,snapshot_restore,10000,17,442500,18,0
raw,snapshot_restore,10000,18,442300,18,0
raw,snapshot_restore,10000,19,858700,18,0
raw,snapshot_restore,10000,20,449000,18,0
raw,snapshot_restore,10000,21,570300,18,0
raw,snapshot_restore,10000,22,659700,18,0
raw,snapshot_restore,10000,23,451200,18,0
raw,snapshot_restore,10000,24,456700,18,0
raw,snapshot_restore,10000,25,443100,18,0
raw,snapshot_restore,10000,26,1824600,18,0
raw,snapshot_restore,10000,27,462100,18,0
raw,snapshot_restore,10000,28,442200,18,0
raw,snapshot_restore,10000,29,477100,18,0
raw,snapshot_capture,100000,0,5386600,128,0
raw,snapshot_capture,100000,1,7392200,128,0
raw,snapshot_capture,100000,2,4627000,128,0
raw,snapshot_capture,100000,3,5194500,128,0
raw,snapshot_capture,100000,4,5092100,128,0
raw,snapshot_capture,100000,5,4489800,128,0
raw,snapshot_capture,100000,6,4322000,128,0
raw,snapshot_capture,100000,7,5886200,128,0
raw,snapshot_capture,100000,8,6791100,128,0
raw,snapshot_capture,100000,9,6484800,128,0
raw,snapshot_capture,100000,10,5925200,128,0
raw,snapshot_capture,100000,11,5144100,128,0
raw,snapshot_capture,100000,12,4416800,128,0
raw,snapshot_capture,100000,13,6140100,128,0
raw,snapshot_capture,100000,14,6558800,128,0
raw,snapshot_capture,100000,15,4684900,128,0
raw,snapshot_capture,100000,16,5016000,128,0
raw,snapshot_capture,100000,17,4362900,128,0
raw,snapshot_capture,100000,18,4471100,128,0
raw,snapshot_capture,100000,19,6555000,128,0
raw,snapshot_capture,100000,20,5226700,128,0
raw,snapshot_capture,100000,21,7283200,128,0
raw,snapshot_capture,100000,22,5858000,128,0
raw,snapshot_capture,100000,23,4834500,128,0
raw,snapshot_capture,100000,24,6827100,128,0
raw,snapshot_capture,100000,25,5845100,128,0
raw,snapshot_capture,100000,26,5029100,128,0
raw,snapshot_capture,100000,27,7357500,128,0
raw,snapshot_capture,100000,28,5502200,128,0
raw,snapshot_capture,100000,29,5153700,128,0
raw,snapshot_instantiate,100000,0,6516900,128,0
raw,snapshot_instantiate,100000,1,6734100,128,0
raw,snapshot_instantiate,100000,2,6627100,128,0
raw,snapshot_instantiate,100000,3,6291500,128,0
raw,snapshot_instantiate,100000,4,4667400,128,0
raw,snapshot_instantiate,100000,5,5031400,128,0
raw,snapshot_instantiate,100000,6,6075500,128,0
raw,snapshot_instantiate,100000,7,4908300,128,0
raw,snapshot_instantiate,100000,8,5046900,128,0
raw,snapshot_instantiate,100000,9,4455900,128,0
raw,snapshot_instantiate,100000,10,4761800,128,0
raw,snapshot_instantiate,100000,11,4680800,128,0
raw,snapshot_instantiate,100000,12,4704300,128,0
raw,snapshot_instantiate,100000,13,4339300,128,0
raw,snapshot_instantiate,100000,14,5021300,128,0
raw,snapshot_instantiate,100000,15,4348400,128,0
raw,snapshot_instantiate,100000,16,4876700,128,0
raw,snapshot_instantiate,100000,17,5008800,128,0
raw,snapshot_instantiate,100000,18,7008400,128,0
raw,snapshot_instantiate,100000,19,5685400,128,0
raw,snapshot_instantiate,100000,20,4925500,128,0
raw,snapshot_instantiate,100000,21,5255900,128,0
raw,snapshot_instantiate,100000,22,4648400,128,0
raw,snapshot_instantiate,100000,23,4366300,128,0
raw,snapshot_instantiate,100000,24,5870400,128,0
raw,snapshot_instantiate,100000,25,5617600,128,0
raw,snapshot_instantiate,100000,26,4352300,128,0
raw,snapshot_instantiate,100000,27,4646400,128,0
raw,snapshot_instantiate,100000,28,4605600,128,0
raw,snapshot_instantiate,100000,29,4675300,128,0
raw,snapshot_restore,100000,0,4392500,128,0
raw,snapshot_restore,100000,1,5529000,128,0
raw,snapshot_restore,100000,2,4530900,128,0
raw,snapshot_restore,100000,3,4340300,128,0
raw,snapshot_restore,100000,4,4438600,128,0
raw,snapshot_restore,100000,5,5972500,128,0
raw,snapshot_restore,100000,6,4575300,128,0
raw,snapshot_restore,100000,7,5519600,128,0
raw,snapshot_restore,100000,8,5682800,128,0
raw,snapshot_restore,100000,9,5730200,128,0
raw,snapshot_restore,100000,10,5663900,128,0
raw,snapshot_restore,100000,11,6959600,128,0
raw,snapshot_restore,100000,12,6554500,128,0
raw,snapshot_restore,100000,13,6296000,128,0
raw,snapshot_restore,100000,14,5355900,128,0
raw,snapshot_restore,100000,15,4864300,128,0
raw,snapshot_restore,100000,16,4934800,128,0
raw,snapshot_restore,100000,17,4905300,128,0
raw,snapshot_restore,100000,18,5121000,128,0
raw,snapshot_restore,100000,19,5311200,128,0
raw,snapshot_restore,100000,20,4593500,128,0
raw,snapshot_restore,100000,21,4973600,128,0
raw,snapshot_restore,100000,22,5354000,128,0
raw,snapshot_restore,100000,23,5103900,128,0
raw,snapshot_restore,100000,24,6312200,128,0
raw,snapshot_restore,100000,25,6590600,128,0
raw,snapshot_restore,100000,26,5235800,128,0
raw,snapshot_restore,100000,27,4911000,128,0
raw,snapshot_restore,100000,28,5011200,128,0
raw,snapshot_restore,100000,29,5356200,128,0
raw,snapshot_capture,1000000,0,50512300,1227,0
raw,snapshot_capture,1000000,1,47278900,1227,0
raw,snapshot_capture,1000000,2,48588800,1227,0
raw,snapshot_capture,1000000,3,47260200,1227,0
raw,snapshot_capture,1000000,4,46821500,1227,0
raw,snapshot_capture,1000000,5,46325700,1227,0
raw,snapshot_capture,1000000,6,47571200,1227,0
raw,snapshot_capture,1000000,7,47242700,1227,0
raw,snapshot_capture,1000000,8,48108300,1227,0
raw,snapshot_capture,1000000,9,49294600,1227,0
raw,snapshot_capture,1000000,10,48243400,1227,0
raw,snapshot_capture,1000000,11,48346300,1227,0
raw,snapshot_capture,1000000,12,48066900,1227,0
raw,snapshot_capture,1000000,13,47488100,1227,0
raw,snapshot_capture,1000000,14,49276900,1227,0
raw,snapshot_capture,1000000,15,48012100,1227,0
raw,snapshot_capture,1000000,16,48617000,1227,0
raw,snapshot_capture,1000000,17,47684400,1227,0
raw,snapshot_capture,1000000,18,49673500,1227,0
raw,snapshot_capture,1000000,19,46003800,1227,0
raw,snapshot_capture,1000000,20,47370000,1227,0
raw,snapshot_capture,1000000,21,49091400,1227,0
raw,snapshot_capture,1000000,22,51650800,1227,0
raw,snapshot_capture,1000000,23,54704300,1227,0
raw,snapshot_capture,1000000,24,50711100,1227,0
raw,snapshot_capture,1000000,25,48873700,1227,0
raw,snapshot_capture,1000000,26,47711000,1227,0
raw,snapshot_capture,1000000,27,46194700,1227,0
raw,snapshot_capture,1000000,28,47354300,1227,0
raw,snapshot_capture,1000000,29,48183100,1227,0
raw,snapshot_instantiate,1000000,0,48248400,1227,0
raw,snapshot_instantiate,1000000,1,47195500,1227,0
raw,snapshot_instantiate,1000000,2,50809300,1227,0
raw,snapshot_instantiate,1000000,3,46235400,1227,0
raw,snapshot_instantiate,1000000,4,45096300,1227,0
raw,snapshot_instantiate,1000000,5,47142900,1227,0
raw,snapshot_instantiate,1000000,6,48784400,1227,0
raw,snapshot_instantiate,1000000,7,47245100,1227,0
raw,snapshot_instantiate,1000000,8,49710000,1227,0
raw,snapshot_instantiate,1000000,9,46995500,1227,0
raw,snapshot_instantiate,1000000,10,48303500,1227,0
raw,snapshot_instantiate,1000000,11,49590300,1227,0
raw,snapshot_instantiate,1000000,12,45486700,1227,0
raw,snapshot_instantiate,1000000,13,45833600,1227,0
raw,snapshot_instantiate,1000000,14,49552700,1227,0
raw,snapshot_instantiate,1000000,15,46295800,1227,0
raw,snapshot_instantiate,1000000,16,47697100,1227,0
raw,snapshot_instantiate,1000000,17,46233600,1227,0
raw,snapshot_instantiate,1000000,18,46316600,1227,0
raw,snapshot_instantiate,1000000,19,48198000,1227,0
raw,snapshot_instantiate,1000000,20,49735800,1227,0
raw,snapshot_instantiate,1000000,21,46616900,1227,0
raw,snapshot_instantiate,1000000,22,46243800,1227,0
raw,snapshot_instantiate,1000000,23,45419700,1227,0
raw,snapshot_instantiate,1000000,24,44861200,1227,0
raw,snapshot_instantiate,1000000,25,48591600,1227,0
raw,snapshot_instantiate,1000000,26,47813200,1227,0
raw,snapshot_instantiate,1000000,27,48385100,1227,0
raw,snapshot_instantiate,1000000,28,46737800,1227,0
raw,snapshot_instantiate,1000000,29,53000100,1227,0
raw,snapshot_restore,1000000,0,46115900,1227,0
raw,snapshot_restore,1000000,1,46331800,1227,0
raw,snapshot_restore,1000000,2,45880200,1227,0
raw,snapshot_restore,1000000,3,46009900,1227,0
raw,snapshot_restore,1000000,4,48078700,1227,0
raw,snapshot_restore,1000000,5,44807000,1227,0
raw,snapshot_restore,1000000,6,46362400,1227,0
raw,snapshot_restore,1000000,7,48190500,1227,0
raw,snapshot_restore,1000000,8,45353600,1227,0
raw,snapshot_restore,1000000,9,48035800,1227,0
raw,snapshot_restore,1000000,10,44350900,1227,0
raw,snapshot_restore,1000000,11,45808300,1227,0
raw,snapshot_restore,1000000,12,48835700,1227,0
raw,snapshot_restore,1000000,13,47254200,1227,0
raw,snapshot_restore,1000000,14,46481600,1227,0
raw,snapshot_restore,1000000,15,47534200,1227,0
raw,snapshot_restore,1000000,16,48402000,1227,0
raw,snapshot_restore,1000000,17,46890700,1227,0
raw,snapshot_restore,1000000,18,45258800,1227,0
raw,snapshot_restore,1000000,19,47650300,1227,0
raw,snapshot_restore,1000000,20,45473800,1227,0
raw,snapshot_restore,1000000,21,46978100,1227,0
raw,snapshot_restore,1000000,22,46449500,1227,0
raw,snapshot_restore,1000000,23,47737200,1227,0
raw,snapshot_restore,1000000,24,49437600,1227,0
raw,snapshot_restore,1000000,25,51646700,1227,0
raw,snapshot_restore,1000000,26,52416000,1227,0
raw,snapshot_restore,1000000,27,48392100,1227,0
raw,snapshot_restore,1000000,28,50505400,1227,0
raw,snapshot_restore,1000000,29,48537400,1227,0
raw,lxws_world_build,10000,0,10071800,0,0
raw,lxws_world_build,10000,1,9560100,0,0
raw,lxws_world_build,10000,2,11268800,0,0
raw,lxws_world_build,10000,3,10983800,0,0
raw,lxws_world_build,10000,4,11245600,0,0
raw,lxws_world_build,10000,5,10999500,0,0
raw,lxws_world_build,10000,6,9607400,0,0
raw,lxws_world_build,10000,7,10205500,0,0
raw,lxws_world_build,10000,8,9316700,0,0
raw,lxws_world_build,10000,9,11338700,0,0
raw,lxws_world_build,10000,10,10649000,0,0
raw,lxws_world_build,10000,11,9238800,0,0
raw,lxws_world_build,10000,12,10671500,0,0
raw,lxws_world_build,10000,13,10439000,0,0
raw,lxws_world_build,10000,14,10123200,0,0
raw,lxws_world_build,10000,15,9445300,0,0
raw,lxws_world_build,10000,16,11373900,0,0
raw,lxws_world_build,10000,17,10014300,0,0
raw,lxws_world_build,10000,18,10406600,0,0
raw,lxws_world_build,10000,19,12385300,0,0
raw,lxws_world_build,10000,20,12096900,0,0
raw,lxws_world_build,10000,21,10956500,0,0
raw,lxws_world_build,10000,22,10795200,0,0
raw,lxws_world_build,10000,23,12644200,0,0
raw,lxws_world_build,10000,24,12175400,0,0
raw,lxws_world_build,10000,25,10540600,0,0
raw,lxws_world_build,10000,26,12639300,0,0
raw,lxws_world_build,10000,27,14675900,0,0
raw,lxws_world_build,10000,28,12610000,0,0
raw,lxws_world_build,10000,29,10406300,0,0
raw,lxws_encode,10000,0,2189500,0,0
raw,lxws_encode,10000,1,1920700,0,0
raw,lxws_encode,10000,2,2067400,0,0
raw,lxws_encode,10000,3,1965300,0,0
raw,lxws_encode,10000,4,2845100,0,0
raw,lxws_encode,10000,5,2339400,0,0
raw,lxws_encode,10000,6,2200400,0,0
raw,lxws_encode,10000,7,1935100,0,0
raw,lxws_encode,10000,8,2233100,0,0
raw,lxws_encode,10000,9,2615200,0,0
raw,lxws_encode,10000,10,2390200,0,0
raw,lxws_encode,10000,11,2178800,0,0
raw,lxws_encode,10000,12,2187100,0,0
raw,lxws_encode,10000,13,2247500,0,0
raw,lxws_encode,10000,14,2031500,0,0
raw,lxws_encode,10000,15,2498000,0,0
raw,lxws_encode,10000,16,2472800,0,0
raw,lxws_encode,10000,17,2142900,0,0
raw,lxws_encode,10000,18,2309900,0,0
raw,lxws_encode,10000,19,2441300,0,0
raw,lxws_encode,10000,20,2003300,0,0
raw,lxws_encode,10000,21,2351900,0,0
raw,lxws_encode,10000,22,2363500,0,0
raw,lxws_encode,10000,23,2460000,0,0
raw,lxws_encode,10000,24,2759700,0,0
raw,lxws_encode,10000,25,1974500,0,0
raw,lxws_encode,10000,26,2025400,0,0
raw,lxws_encode,10000,27,1959500,0,0
raw,lxws_encode,10000,28,1965300,0,0
raw,lxws_encode,10000,29,2087400,0,0
raw,lxws_decode,10000,0,2672100,0,0
raw,lxws_decode,10000,1,2160800,0,0
raw,lxws_decode,10000,2,1962700,0,0
raw,lxws_decode,10000,3,1978200,0,0
raw,lxws_decode,10000,4,2507900,0,0
raw,lxws_decode,10000,5,2521900,0,0
raw,lxws_decode,10000,6,2115700,0,0
raw,lxws_decode,10000,7,2987900,0,0
raw,lxws_decode,10000,8,2519500,0,0
raw,lxws_decode,10000,9,4329700,0,0
raw,lxws_decode,10000,10,2957500,0,0
raw,lxws_decode,10000,11,2884400,0,0
raw,lxws_decode,10000,12,3488900,0,0
raw,lxws_decode,10000,13,2528100,0,0
raw,lxws_decode,10000,14,1965000,0,0
raw,lxws_decode,10000,15,3302900,0,0
raw,lxws_decode,10000,16,1983000,0,0
raw,lxws_decode,10000,17,2403400,0,0
raw,lxws_decode,10000,18,2456400,0,0
raw,lxws_decode,10000,19,2125500,0,0
raw,lxws_decode,10000,20,2419500,0,0
raw,lxws_decode,10000,21,2043400,0,0
raw,lxws_decode,10000,22,2042100,0,0
raw,lxws_decode,10000,23,2125900,0,0
raw,lxws_decode,10000,24,2682900,0,0
raw,lxws_decode,10000,25,1999000,0,0
raw,lxws_decode,10000,26,2541600,0,0
raw,lxws_decode,10000,27,2044900,0,0
raw,lxws_decode,10000,28,2011900,0,0
raw,lxws_decode,10000,29,3191500,0,0
raw,lxws_materialize,10000,0,3112700,0,0
raw,lxws_materialize,10000,1,3756300,0,0
raw,lxws_materialize,10000,2,3010400,0,0
raw,lxws_materialize,10000,3,2854200,0,0
raw,lxws_materialize,10000,4,2940600,0,0
raw,lxws_materialize,10000,5,3295100,0,0
raw,lxws_materialize,10000,6,2743900,0,0
raw,lxws_materialize,10000,7,2864600,0,0
raw,lxws_materialize,10000,8,3191500,0,0
raw,lxws_materialize,10000,9,3574700,0,0
raw,lxws_materialize,10000,10,2826200,0,0
raw,lxws_materialize,10000,11,2683600,0,0
raw,lxws_materialize,10000,12,2641300,0,0
raw,lxws_materialize,10000,13,3733400,0,0
raw,lxws_materialize,10000,14,3471900,0,0
raw,lxws_materialize,10000,15,2649400,0,0
raw,lxws_materialize,10000,16,3232300,0,0
raw,lxws_materialize,10000,17,3442100,0,0
raw,lxws_materialize,10000,18,2979900,0,0
raw,lxws_materialize,10000,19,3759900,0,0
raw,lxws_materialize,10000,20,3281400,0,0
raw,lxws_materialize,10000,21,3049200,0,0
raw,lxws_materialize,10000,22,3191200,0,0
raw,lxws_materialize,10000,23,2949900,0,0
raw,lxws_materialize,10000,24,4225100,0,0
raw,lxws_materialize,10000,25,4481700,0,0
raw,lxws_materialize,10000,26,3629100,0,0
raw,lxws_materialize,10000,27,3745400,0,0
raw,lxws_materialize,10000,28,4205200,0,0
raw,lxws_materialize,10000,29,3454200,0,0
raw,lxws_world_build,100000,0,137419800,0,0
raw,lxws_world_build,100000,1,141156800,0,0
raw,lxws_world_build,100000,2,138609700,0,0
raw,lxws_world_build,100000,3,133432300,0,0
raw,lxws_world_build,100000,4,133491400,0,0
raw,lxws_world_build,100000,5,133133100,0,0
raw,lxws_world_build,100000,6,130553700,0,0
raw,lxws_world_build,100000,7,146865700,0,0
raw,lxws_world_build,100000,8,139139800,0,0
raw,lxws_world_build,100000,9,142673000,0,0
raw,lxws_world_build,100000,10,139029800,0,0
raw,lxws_world_build,100000,11,134451100,0,0
raw,lxws_world_build,100000,12,133731900,0,0
raw,lxws_world_build,100000,13,141254700,0,0
raw,lxws_world_build,100000,14,145765500,0,0
raw,lxws_world_build,100000,15,128637800,0,0
raw,lxws_world_build,100000,16,118596900,0,0
raw,lxws_world_build,100000,17,134782000,0,0
raw,lxws_world_build,100000,18,141134100,0,0
raw,lxws_world_build,100000,19,128567000,0,0
raw,lxws_world_build,100000,20,116349900,0,0
raw,lxws_world_build,100000,21,139218300,0,0
raw,lxws_world_build,100000,22,136499200,0,0
raw,lxws_world_build,100000,23,127124400,0,0
raw,lxws_world_build,100000,24,120378800,0,0
raw,lxws_world_build,100000,25,115133200,0,0
raw,lxws_world_build,100000,26,120132700,0,0
raw,lxws_world_build,100000,27,121160000,0,0
raw,lxws_world_build,100000,28,122626700,0,0
raw,lxws_world_build,100000,29,127656900,0,0
raw,lxws_encode,100000,0,25752400,0,0
raw,lxws_encode,100000,1,27134100,0,0
raw,lxws_encode,100000,2,23523500,0,0
raw,lxws_encode,100000,3,25062800,0,0
raw,lxws_encode,100000,4,24822600,0,0
raw,lxws_encode,100000,5,27421600,0,0
raw,lxws_encode,100000,6,24961500,0,0
raw,lxws_encode,100000,7,25719300,0,0
raw,lxws_encode,100000,8,28185400,0,0
raw,lxws_encode,100000,9,28753100,0,0
raw,lxws_encode,100000,10,25632900,0,0
raw,lxws_encode,100000,11,24232100,0,0
raw,lxws_encode,100000,12,24208600,0,0
raw,lxws_encode,100000,13,27326600,0,0
raw,lxws_encode,100000,14,25541300,0,0
raw,lxws_encode,100000,15,26719800,0,0
raw,lxws_encode,100000,16,27131600,0,0
raw,lxws_encode,100000,17,25751600,0,0
raw,lxws_encode,100000,18,30543900,0,0
raw,lxws_encode,100000,19,24970600,0,0
raw,lxws_encode,100000,20,29114200,0,0
raw,lxws_encode,100000,21,33050700,0,0
raw,lxws_encode,100000,22,23743100,0,0
raw,lxws_encode,100000,23,23556800,0,0
raw,lxws_encode,100000,24,24068000,0,0
raw,lxws_encode,100000,25,25068100,0,0
raw,lxws_encode,100000,26,26636800,0,0
raw,lxws_encode,100000,27,23308900,0,0
raw,lxws_encode,100000,28,23839100,0,0
raw,lxws_encode,100000,29,26941900,0,0
raw,lxws_decode,100000,0,29524800,0,0
raw,lxws_decode,100000,1,24471200,0,0
raw,lxws_decode,100000,2,25468000,0,0
raw,lxws_decode,100000,3,23916200,0,0
raw,lxws_decode,100000,4,24785600,0,0
raw,lxws_decode,100000,5,27295000,0,0
raw,lxws_decode,100000,6,29059000,0,0
raw,lxws_decode,100000,7,31182600,0,0
raw,lxws_decode,100000,8,28310900,0,0
raw,lxws_decode,100000,9,25848000,0,0
raw,lxws_decode,100000,10,31710700,0,0
raw,lxws_decode,100000,11,31224000,0,0
raw,lxws_decode,100000,12,27999700,0,0
raw,lxws_decode,100000,13,25092300,0,0
raw,lxws_decode,100000,14,24221800,0,0
raw,lxws_decode,100000,15,27082900,0,0
raw,lxws_decode,100000,16,26593100,0,0
raw,lxws_decode,100000,17,27841400,0,0
raw,lxws_decode,100000,18,31515500,0,0
raw,lxws_decode,100000,19,28556500,0,0
raw,lxws_decode,100000,20,28520500,0,0
raw,lxws_decode,100000,21,27569800,0,0
raw,lxws_decode,100000,22,24396600,0,0
raw,lxws_decode,100000,23,26523800,0,0
raw,lxws_decode,100000,24,24586500,0,0
raw,lxws_decode,100000,25,26471500,0,0
raw,lxws_decode,100000,26,27822200,0,0
raw,lxws_decode,100000,27,24107200,0,0
raw,lxws_decode,100000,28,25833600,0,0
raw,lxws_decode,100000,29,25483000,0,0
raw,lxws_materialize,100000,0,35155300,0,0
raw,lxws_materialize,100000,1,35064100,0,0
raw,lxws_materialize,100000,2,32566600,0,0
raw,lxws_materialize,100000,3,31685300,0,0
raw,lxws_materialize,100000,4,39636500,0,0
raw,lxws_materialize,100000,5,34706000,0,0
raw,lxws_materialize,100000,6,35779700,0,0
raw,lxws_materialize,100000,7,32873300,0,0
raw,lxws_materialize,100000,8,33570400,0,0
raw,lxws_materialize,100000,9,31796400,0,0
raw,lxws_materialize,100000,10,33490300,0,0
raw,lxws_materialize,100000,11,30859400,0,0
raw,lxws_materialize,100000,12,34453000,0,0
raw,lxws_materialize,100000,13,31498400,0,0
raw,lxws_materialize,100000,14,32569000,0,0
raw,lxws_materialize,100000,15,34343800,0,0
raw,lxws_materialize,100000,16,35870100,0,0
raw,lxws_materialize,100000,17,34451000,0,0
raw,lxws_materialize,100000,18,37747500,0,0
raw,lxws_materialize,100000,19,38309100,0,0
raw,lxws_materialize,100000,20,38606300,0,0
raw,lxws_materialize,100000,21,37522400,0,0
raw,lxws_materialize,100000,22,35353400,0,0
raw,lxws_materialize,100000,23,41843500,0,0
raw,lxws_materialize,100000,24,35323500,0,0
raw,lxws_materialize,100000,25,33504800,0,0
raw,lxws_materialize,100000,26,37323700,0,0
raw,lxws_materialize,100000,27,35263400,0,0
raw,lxws_materialize,100000,28,43852100,0,0
raw,lxws_materialize,100000,29,39026800,0,0
raw,lxws_world_build,1000000,0,1486133300,0,0
raw,lxws_world_build,1000000,1,1458861000,0,0
raw,lxws_world_build,1000000,2,1505034900,0,0
raw,lxws_world_build,1000000,3,1533998800,0,0
raw,lxws_world_build,1000000,4,1689996600,0,0
raw,lxws_world_build,1000000,5,1574086200,0,0
raw,lxws_world_build,1000000,6,1548417000,0,0
raw,lxws_world_build,1000000,7,1476407500,0,0
raw,lxws_world_build,1000000,8,1453299900,0,0
raw,lxws_world_build,1000000,9,1470567400,0,0
raw,lxws_world_build,1000000,10,1464543200,0,0
raw,lxws_world_build,1000000,11,1563684200,0,0
raw,lxws_world_build,1000000,12,1549472900,0,0
raw,lxws_world_build,1000000,13,1633322000,0,0
raw,lxws_world_build,1000000,14,1535955300,0,0
raw,lxws_world_build,1000000,15,1498140100,0,0
raw,lxws_world_build,1000000,16,1455005000,0,0
raw,lxws_world_build,1000000,17,1872088200,0,0
raw,lxws_world_build,1000000,18,1797464600,0,0
raw,lxws_world_build,1000000,19,1458418300,0,0
raw,lxws_world_build,1000000,20,1422725400,0,0
raw,lxws_world_build,1000000,21,1544571100,0,0
raw,lxws_world_build,1000000,22,1502213100,0,0
raw,lxws_world_build,1000000,23,1522000900,0,0
raw,lxws_world_build,1000000,24,1458194900,0,0
raw,lxws_world_build,1000000,25,1383936900,0,0
raw,lxws_world_build,1000000,26,1418359600,0,0
raw,lxws_world_build,1000000,27,1429043400,0,0
raw,lxws_world_build,1000000,28,1470483100,0,0
raw,lxws_world_build,1000000,29,1462455100,0,0
raw,lxws_encode,1000000,0,287643100,0,0
raw,lxws_encode,1000000,1,279229400,0,0
raw,lxws_encode,1000000,2,263652800,0,0
raw,lxws_encode,1000000,3,298063000,0,0
raw,lxws_encode,1000000,4,283606300,0,0
raw,lxws_encode,1000000,5,282957400,0,0
raw,lxws_encode,1000000,6,294297700,0,0
raw,lxws_encode,1000000,7,280262200,0,0
raw,lxws_encode,1000000,8,270552300,0,0
raw,lxws_encode,1000000,9,277121600,0,0
raw,lxws_encode,1000000,10,287815200,0,0
raw,lxws_encode,1000000,11,278319700,0,0
raw,lxws_encode,1000000,12,276002200,0,0
raw,lxws_encode,1000000,13,285300100,0,0
raw,lxws_encode,1000000,14,274518400,0,0
raw,lxws_encode,1000000,15,277686800,0,0
raw,lxws_encode,1000000,16,283898600,0,0
raw,lxws_encode,1000000,17,267858700,0,0
raw,lxws_encode,1000000,18,261559400,0,0
raw,lxws_encode,1000000,19,268457400,0,0
raw,lxws_encode,1000000,20,264272800,0,0
raw,lxws_encode,1000000,21,272836200,0,0
raw,lxws_encode,1000000,22,265124600,0,0
raw,lxws_encode,1000000,23,265896600,0,0
raw,lxws_encode,1000000,24,264397200,0,0
raw,lxws_encode,1000000,25,266100300,0,0
raw,lxws_encode,1000000,26,283865800,0,0
raw,lxws_encode,1000000,27,278627900,0,0
raw,lxws_encode,1000000,28,275410400,0,0
raw,lxws_encode,1000000,29,286440700,0,0
raw,lxws_decode,1000000,0,283002200,0,0
raw,lxws_decode,1000000,1,284942300,0,0
raw,lxws_decode,1000000,2,279576500,0,0
raw,lxws_decode,1000000,3,288364100,0,0
raw,lxws_decode,1000000,4,301841800,0,0
raw,lxws_decode,1000000,5,303034500,0,0
raw,lxws_decode,1000000,6,299398400,0,0
raw,lxws_decode,1000000,7,298706000,0,0
raw,lxws_decode,1000000,8,287902700,0,0
raw,lxws_decode,1000000,9,293935700,0,0
raw,lxws_decode,1000000,10,302200500,0,0
raw,lxws_decode,1000000,11,300200300,0,0
raw,lxws_decode,1000000,12,296701600,0,0
raw,lxws_decode,1000000,13,284081200,0,0
raw,lxws_decode,1000000,14,309960600,0,0
raw,lxws_decode,1000000,15,293249600,0,0
raw,lxws_decode,1000000,16,302601400,0,0
raw,lxws_decode,1000000,17,320454000,0,0
raw,lxws_decode,1000000,18,318381900,0,0
raw,lxws_decode,1000000,19,331012400,0,0
raw,lxws_decode,1000000,20,310967700,0,0
raw,lxws_decode,1000000,21,314370300,0,0
raw,lxws_decode,1000000,22,306282100,0,0
raw,lxws_decode,1000000,23,295877000,0,0
raw,lxws_decode,1000000,24,278602900,0,0
raw,lxws_decode,1000000,25,285586600,0,0
raw,lxws_decode,1000000,26,286732000,0,0
raw,lxws_decode,1000000,27,338137900,0,0
raw,lxws_decode,1000000,28,383271100,0,0
raw,lxws_decode,1000000,29,312196100,0,0
raw,lxws_materialize,1000000,0,326983000,0,0
raw,lxws_materialize,1000000,1,324001200,0,0
raw,lxws_materialize,1000000,2,324884600,0,0
raw,lxws_materialize,1000000,3,330732700,0,0
raw,lxws_materialize,1000000,4,330202000,0,0
raw,lxws_materialize,1000000,5,339645100,0,0
raw,lxws_materialize,1000000,6,328938400,0,0
raw,lxws_materialize,1000000,7,330329700,0,0
raw,lxws_materialize,1000000,8,336055500,0,0
raw,lxws_materialize,1000000,9,335370200,0,0
raw,lxws_materialize,1000000,10,334412900,0,0
raw,lxws_materialize,1000000,11,324212500,0,0
raw,lxws_materialize,1000000,12,335221200,0,0
raw,lxws_materialize,1000000,13,325138300,0,0
raw,lxws_materialize,1000000,14,328397500,0,0
raw,lxws_materialize,1000000,15,318160700,0,0
raw,lxws_materialize,1000000,16,319081700,0,0
raw,lxws_materialize,1000000,17,325577000,0,0
raw,lxws_materialize,1000000,18,328280100,0,0
raw,lxws_materialize,1000000,19,320704100,0,0
raw,lxws_materialize,1000000,20,323245900,0,0
raw,lxws_materialize,1000000,21,338985000,0,0
raw,lxws_materialize,1000000,22,343877700,0,0
raw,lxws_materialize,1000000,23,332365000,0,0
raw,lxws_materialize,1000000,24,325469300,0,0
raw,lxws_materialize,1000000,25,327039300,0,0
raw,lxws_materialize,1000000,26,328334900,0,0
raw,lxws_materialize,1000000,27,359720900,0,0
raw,lxws_materialize,1000000,28,392523100,0,0
raw,lxws_materialize,1000000,29,398553100,0,0
summary,raw_entt_view,100000,median,970300,0,0
summary,raw_entt_view,100000,p95,1038900,0,0
summary,world_read_query,100000,median,835400,0,0
summary,world_read_query,100000,p95,909300,0,0
summary,raw_entt_view,1000000,median,10604600,0,0
summary,raw_entt_view,1000000,p95,11554700,0,0
summary,world_read_query,1000000,median,9596500,0,0
summary,world_read_query,1000000,p95,10133900,0,0
summary,world_edit_write_query,100000,median,943000,0,0
summary,world_edit_write_query,100000,p95,1175200,0,0
summary,schedule_write_query,100000,median,1373200,0,0
summary,schedule_write_query,100000,p95,1673300,0,0
summary,world_edit_write_query,1000000,median,8975000,0,0
summary,world_edit_write_query,1000000,p95,9397700,0,0
summary,schedule_write_query,1000000,median,15622600,0,0
summary,schedule_write_query,1000000,p95,16139900,0,0
summary,world_get,1,median,6508600,0,0
summary,world_get,1,p95,6692700,0,0
summary,world_patch,1,median,1879100,0,0
summary,world_patch,1,p95,2087900,0,0
summary,schedule_run,1,median,22400,0,0
summary,schedule_run,1,p95,23200,0,0
summary,schedule_run,16,median,181000,0,0
summary,schedule_run,16,p95,185500,0,0
summary,schedule_run,64,median,659500,0,0
summary,schedule_run,64,p95,673000,0,0
summary,schedule_run,256,median,3199600,0,0
summary,schedule_run,256,p95,3293500,0,0
summary,schedule_run,1024,median,12482200,0,0
summary,schedule_run,1024,p95,12778400,0,0
summary,schedule_pure_object_lane,2,median,29000,0,0
summary,schedule_pure_object_lane,2,p95,31700,0,0
summary,world_commands,1,median,3400,0,0
summary,world_commands,1,p95,3500,0,0
summary,world_commands,100,median,123500,0,0
summary,world_commands,100,p95,126300,0,0
summary,world_commands,10000,median,26276700,0,0
summary,world_commands,10000,p95,34102500,0,0
summary,hierarchy_balanced_initial_sync,1000000,median,51095900,1,0
summary,hierarchy_balanced_initial_sync,1000000,p95,56408900,1,0
summary,hierarchy_real_no_change,1000000,median,100,0,0
summary,hierarchy_real_no_change,1000000,p95,100,0,0
summary,hierarchy_deep_initial_sync,100000,median,4584200,1,0
summary,hierarchy_deep_initial_sync,100000,p95,5463200,1,0
summary,hierarchy_star_initial_sync,100000,median,4278800,1,0
summary,hierarchy_star_initial_sync,100000,p95,5545400,1,0
summary,hierarchy_star_reparent,100000,median,300,0,0
summary,hierarchy_star_reparent,100000,p95,500,0,0
summary,hierarchy_cursor_overflow_resync,100000,median,4433600,0,0
summary,hierarchy_cursor_overflow_resync,100000,p95,5898700,0,0
summary,transform_large_root_subtree,100000,median,16112200,0,0
summary,transform_large_root_subtree,100000,p95,19731300,0,0
summary,transform_deep_propagation,100000,median,13454800,0,0
summary,transform_deep_propagation,100000,p95,15008400,0,0
summary,transform_sparse_high_water,100000,median,1600,0,32400024
summary,transform_sparse_high_water,100000,p95,2000,0,32400024
summary,snapshot_capture,10000,median,459800,18,0
summary,snapshot_capture,10000,p95,1328700,18,0
summary,snapshot_instantiate,10000,median,453600,18,0
summary,snapshot_instantiate,10000,p95,852100,18,0
summary,snapshot_restore,10000,median,451200,18,0
summary,snapshot_restore,10000,p95,1372200,18,0
summary,snapshot_capture,100000,median,5386600,128,0
summary,snapshot_capture,100000,p95,7357500,128,0
summary,snapshot_instantiate,100000,median,4925500,128,0
summary,snapshot_instantiate,100000,p95,6734100,128,0
summary,snapshot_restore,100000,median,5311200,128,0
summary,snapshot_restore,100000,p95,6590600,128,0
summary,snapshot_capture,1000000,median,48108300,1227,0
summary,snapshot_capture,1000000,p95,51650800,1227,0
summary,snapshot_instantiate,1000000,median,47245100,1227,0
summary,snapshot_instantiate,1000000,p95,50809300,1227,0
summary,snapshot_restore,1000000,median,47254200,1227,0
summary,snapshot_restore,1000000,p95,51646700,1227,0
summary,lxws_world_build,10000,median,10795200,0,0
summary,lxws_world_build,10000,p95,12644200,0,0
summary,lxws_encode,10000,median,2200400,0,0
summary,lxws_encode,10000,p95,2759700,0,0
summary,lxws_decode,10000,median,2456400,0,0
summary,lxws_decode,10000,p95,3488900,0,0
summary,lxws_materialize,10000,median,3232300,0,0
summary,lxws_materialize,10000,p95,4225100,0,0
summary,lxws_world_build,100000,median,133731900,0,0
summary,lxws_world_build,100000,p95,145765500,0,0
summary,lxws_encode,100000,median,25719300,0,0
summary,lxws_encode,100000,p95,30543900,0,0
summary,lxws_decode,100000,median,27082900,0,0
summary,lxws_decode,100000,p95,31515500,0,0
summary,lxws_materialize,100000,median,35155300,0,0
summary,lxws_materialize,100000,p95,41843500,0,0
summary,lxws_world_build,1000000,median,1498140100,0,0
summary,lxws_world_build,1000000,p95,1797464600,0,0
summary,lxws_encode,1000000,median,277686800,0,0
summary,lxws_encode,1000000,p95,294297700,0,0
summary,lxws_decode,1000000,median,300200300,0,0
summary,lxws_decode,1000000,p95,338137900,0,0
summary,lxws_materialize,1000000,median,328938400,0,0
summary,lxws_materialize,1000000,p95,392523100,0,0
