meta,warmups,5
meta,samples,30
meta,connection_handle_bytes,16
meta,production_connection_control_bytes,80
meta,candidate_b_extra_bytes_per_connection,16
record,case,listeners_or_count,sample_or_median,elapsed_or_p95,allocations,bytes_per_connection,inline_messages,heap_messages
raw,noinline_member,1,0,264800,0,0,0
raw,noinline_member,1,1,275400,0,0,0
raw,noinline_member,1,2,279500,0,0,0
raw,noinline_member,1,3,287400,0,0,0
raw,noinline_member,1,4,289300,0,0,0
raw,noinline_member,1,5,270800,0,0,0
raw,noinline_member,1,6,289000,0,0,0
raw,noinline_member,1,7,283800,0,0,0
raw,noinline_member,1,8,285600,0,0,0
raw,noinline_member,1,9,290600,0,0,0
raw,noinline_member,1,10,297400,0,0,0
raw,noinline_member,1,11,296400,0,0,0
raw,noinline_member,1,12,276800,0,0,0
raw,noinline_member,1,13,284200,0,0,0
raw,noinline_member,1,14,288300,0,0,0
raw,noinline_member,1,15,284400,0,0,0
raw,noinline_member,1,16,270200,0,0,0
raw,noinline_member,1,17,278800,0,0,0
raw,noinline_member,1,18,279100,0,0,0
raw,noinline_member,1,19,285600,0,0,0
raw,noinline_member,1,20,288200,0,0,0
raw,noinline_member,1,21,289600,0,0,0
raw,noinline_member,1,22,290100,0,0,0
raw,noinline_member,1,23,274700,0,0,0
raw,noinline_member,1,24,261100,0,0,0
raw,noinline_member,1,25,265700,0,0,0
raw,noinline_member,1,26,285000,0,0,0
raw,noinline_member,1,27,266400,0,0,0
raw,noinline_member,1,28,271500,0,0,0
raw,noinline_member,1,29,285600,0,0,0
summary,noinline_member,1,284300,296400,0,0,0,0
raw,virtual_member,1,0,272900,0,0,0
raw,virtual_member,1,1,299000,0,0,0
raw,virtual_member,1,2,278000,0,0,0
raw,virtual_member,1,3,302600,0,0,0
raw,virtual_member,1,4,296200,0,0,0
raw,virtual_member,1,5,296200,0,0,0
raw,virtual_member,1,6,284600,0,0,0
raw,virtual_member,1,7,303700,0,0,0
raw,virtual_member,1,8,307600,0,0,0
raw,virtual_member,1,9,276400,0,0,0
raw,virtual_member,1,10,292300,0,0,0
raw,virtual_member,1,11,296100,0,0,0
raw,virtual_member,1,12,259200,0,0,0
raw,virtual_member,1,13,290400,0,0,0
raw,virtual_member,1,14,272200,0,0,0
raw,virtual_member,1,15,301300,0,0,0
raw,virtual_member,1,16,280300,0,0,0
raw,virtual_member,1,17,303300,0,0,0
raw,virtual_member,1,18,304700,0,0,0
raw,virtual_member,1,19,269200,0,0,0
raw,virtual_member,1,20,305600,0,0,0
raw,virtual_member,1,21,299000,0,0,0
raw,virtual_member,1,22,295500,0,0,0
raw,virtual_member,1,23,301700,0,0,0
raw,virtual_member,1,24,264100,0,0,0
raw,virtual_member,1,25,290100,0,0,0
raw,virtual_member,1,26,292300,0,0,0
raw,virtual_member,1,27,294200,0,0,0
raw,virtual_member,1,28,280500,0,0,0
raw,virtual_member,1,29,292100,0,0,0
summary,virtual_member,1,293250,305600,0,0,0,0
raw,function_pointer,1,0,384500,0,0,0
raw,function_pointer,1,1,345300,0,0,0
raw,function_pointer,1,2,359800,0,0,0
raw,function_pointer,1,3,348700,0,0,0
raw,function_pointer,1,4,351400,0,0,0
raw,function_pointer,1,5,356500,0,0,0
raw,function_pointer,1,6,333200,0,0,0
raw,function_pointer,1,7,360000,0,0,0
raw,function_pointer,1,8,328200,0,0,0
raw,function_pointer,1,9,359000,0,0,0
raw,function_pointer,1,10,370200,0,0,0
raw,function_pointer,1,11,333200,0,0,0
raw,function_pointer,1,12,328800,0,0,0
raw,function_pointer,1,13,370200,0,0,0
raw,function_pointer,1,14,335600,0,0,0
raw,function_pointer,1,15,340900,0,0,0
raw,function_pointer,1,16,376400,0,0,0
raw,function_pointer,1,17,334700,0,0,0
raw,function_pointer,1,18,345700,0,0,0
raw,function_pointer,1,19,350200,0,0,0
raw,function_pointer,1,20,375800,0,0,0
raw,function_pointer,1,21,337000,0,0,0
raw,function_pointer,1,22,328100,0,0,0
raw,function_pointer,1,23,339000,0,0,0
raw,function_pointer,1,24,370300,0,0,0
raw,function_pointer,1,25,331100,0,0,0
raw,function_pointer,1,26,368100,0,0,0
raw,function_pointer,1,27,365400,0,0,0
raw,function_pointer,1,28,341700,0,0,0
raw,function_pointer,1,29,336600,0,0,0
summary,function_pointer,1,347200,376400,0,0,0,0
raw,object_typed_member,0,0,59000,0,0,0
raw,object_typed_member,0,1,56200,0,0,0
raw,object_typed_member,0,2,55200,0,0,0
raw,object_typed_member,0,3,53600,0,0,0
raw,object_typed_member,0,4,53700,0,0,0
raw,object_typed_member,0,5,53700,0,0,0
raw,object_typed_member,0,6,54500,0,0,0
raw,object_typed_member,0,7,45200,0,0,0
raw,object_typed_member,0,8,58500,0,0,0
raw,object_typed_member,0,9,58500,0,0,0
raw,object_typed_member,0,10,48100,0,0,0
raw,object_typed_member,0,11,51900,0,0,0
raw,object_typed_member,0,12,51800,0,0,0
raw,object_typed_member,0,13,51800,0,0,0
raw,object_typed_member,0,14,51800,0,0,0
raw,object_typed_member,0,15,51800,0,0,0
raw,object_typed_member,0,16,51800,0,0,0
raw,object_typed_member,0,17,51900,0,0,0
raw,object_typed_member,0,18,51800,0,0,0
raw,object_typed_member,0,19,51800,0,0,0
raw,object_typed_member,0,20,51800,0,0,0
raw,object_typed_member,0,21,51800,0,0,0
raw,object_typed_member,0,22,51800,0,0,0
raw,object_typed_member,0,23,51900,0,0,0
raw,object_typed_member,0,24,48100,0,0,0
raw,object_typed_member,0,25,51900,0,0,0
raw,object_typed_member,0,26,51900,0,0,0
raw,object_typed_member,0,27,51900,0,0,0
raw,object_typed_member,0,28,48100,0,0,0
raw,object_typed_member,0,29,51800,0,0,0
summary,object_typed_member,0,51850,58500,0,80,0,0
raw,object_scoped,0,0,52900,0,0,0
raw,object_scoped,0,1,52800,0,0,0
raw,object_scoped,0,2,52800,0,0,0
raw,object_scoped,0,3,51300,0,0,0
raw,object_scoped,0,4,52800,0,0,0
raw,object_scoped,0,5,52900,0,0,0
raw,object_scoped,0,6,52900,0,0,0
raw,object_scoped,0,7,53000,0,0,0
raw,object_scoped,0,8,53800,0,0,0
raw,object_scoped,0,9,54500,0,0,0
raw,object_scoped,0,10,45700,0,0,0
raw,object_scoped,0,11,50000,0,0,0
raw,object_scoped,0,12,53800,0,0,0
raw,object_scoped,0,13,54900,0,0,0
raw,object_scoped,0,14,52800,0,0,0
raw,object_scoped,0,15,52800,0,0,0
raw,object_scoped,0,16,52900,0,0,0
raw,object_scoped,0,17,52800,0,0,0
raw,object_scoped,0,18,52800,0,0,0
raw,object_scoped,0,19,52800,0,0,0
raw,object_scoped,0,20,52800,0,0,0
raw,object_scoped,0,21,52900,0,0,0
raw,object_scoped,0,22,52900,0,0,0
raw,object_scoped,0,23,52800,0,0,0
raw,object_scoped,0,24,53700,0,0,0
raw,object_scoped,0,25,50000,0,0,0
raw,object_scoped,0,26,53800,0,0,0
raw,object_scoped,0,27,53800,0,0,0
raw,object_scoped,0,28,53800,0,0,0
raw,object_scoped,0,29,54100,0,0,0
summary,object_scoped,0,52900,54500,0,80,0,0
raw,listener_layout_a,0,0,4000,0,0,0
raw,listener_layout_a,0,1,3900,0,0,0
raw,listener_layout_a,0,2,4000,0,0,0
raw,listener_layout_a,0,3,4000,0,0,0
raw,listener_layout_a,0,4,3800,0,0,0
raw,listener_layout_a,0,5,3900,0,0,0
raw,listener_layout_a,0,6,3900,0,0,0
raw,listener_layout_a,0,7,3900,0,0,0
raw,listener_layout_a,0,8,4000,0,0,0
raw,listener_layout_a,0,9,4000,0,0,0
raw,listener_layout_a,0,10,3900,0,0,0
raw,listener_layout_a,0,11,4000,0,0,0
raw,listener_layout_a,0,12,3900,0,0,0
raw,listener_layout_a,0,13,3900,0,0,0
raw,listener_layout_a,0,14,4100,0,0,0
raw,listener_layout_a,0,15,3900,0,0,0
raw,listener_layout_a,0,16,4000,0,0,0
raw,listener_layout_a,0,17,4100,0,0,0
raw,listener_layout_a,0,18,3900,0,0,0
raw,listener_layout_a,0,19,3900,0,0,0
raw,listener_layout_a,0,20,4000,0,0,0
raw,listener_layout_a,0,21,4000,0,0,0
raw,listener_layout_a,0,22,3900,0,0,0
raw,listener_layout_a,0,23,3900,0,0,0
raw,listener_layout_a,0,24,3900,0,0,0
raw,listener_layout_a,0,25,4000,0,0,0
raw,listener_layout_a,0,26,3900,0,0,0
raw,listener_layout_a,0,27,3900,0,0,0
raw,listener_layout_a,0,28,4000,0,0,0
raw,listener_layout_a,0,29,4000,0,0,0
summary,listener_layout_a,0,3900,4100,0,8,0,0
raw,listener_layout_b,0,0,4200,0,0,0
raw,listener_layout_b,0,1,3900,0,0,0
raw,listener_layout_b,0,2,3900,0,0,0
raw,listener_layout_b,0,3,3900,0,0,0
raw,listener_layout_b,0,4,3900,0,0,0
raw,listener_layout_b,0,5,3900,0,0,0
raw,listener_layout_b,0,6,3900,0,0,0
raw,listener_layout_b,0,7,4100,0,0,0
raw,listener_layout_b,0,8,4100,0,0,0
raw,listener_layout_b,0,9,4100,0,0,0
raw,listener_layout_b,0,10,4000,0,0,0
raw,listener_layout_b,0,11,4100,0,0,0
raw,listener_layout_b,0,12,4000,0,0,0
raw,listener_layout_b,0,13,4100,0,0,0
raw,listener_layout_b,0,14,4100,0,0,0
raw,listener_layout_b,0,15,4000,0,0,0
raw,listener_layout_b,0,16,4000,0,0,0
raw,listener_layout_b,0,17,4100,0,0,0
raw,listener_layout_b,0,18,4100,0,0,0
raw,listener_layout_b,0,19,4100,0,0,0
raw,listener_layout_b,0,20,4100,0,0,0
raw,listener_layout_b,0,21,5000,0,0,0
raw,listener_layout_b,0,22,3900,0,0,0
raw,listener_layout_b,0,23,4000,0,0,0
raw,listener_layout_b,0,24,3800,0,0,0
raw,listener_layout_b,0,25,3700,0,0,0
raw,listener_layout_b,0,26,3900,0,0,0
raw,listener_layout_b,0,27,3800,0,0,0
raw,listener_layout_b,0,28,3800,0,0,0
raw,listener_layout_b,0,29,4000,0,0,0
summary,listener_layout_b,0,4000,4200,0,24,0,0
raw,object_typed_member,1,0,192600,0,0,0
raw,object_typed_member,1,1,198100,0,0,0
raw,object_typed_member,1,2,198100,0,0,0
raw,object_typed_member,1,3,201700,0,0,0
raw,object_typed_member,1,4,205600,0,0,0
raw,object_typed_member,1,5,205500,0,0,0
raw,object_typed_member,1,6,200700,0,0,0
raw,object_typed_member,1,7,201800,0,0,0
raw,object_typed_member,1,8,206000,0,0,0
raw,object_typed_member,1,9,196300,0,0,0
raw,object_typed_member,1,10,192600,0,0,0
raw,object_typed_member,1,11,192600,0,0,0
raw,object_typed_member,1,12,192500,0,0,0
raw,object_typed_member,1,13,198100,0,0,0
raw,object_typed_member,1,14,191800,0,0,0
raw,object_typed_member,1,15,196300,0,0,0
raw,object_typed_member,1,16,179500,0,0,0
raw,object_typed_member,1,17,183100,0,0,0
raw,object_typed_member,1,18,194600,0,0,0
raw,object_typed_member,1,19,184800,0,0,0
raw,object_typed_member,1,20,177300,0,0,0
raw,object_typed_member,1,21,182400,0,0,0
raw,object_typed_member,1,22,178900,0,0,0
raw,object_typed_member,1,23,180300,0,0,0
raw,object_typed_member,1,24,180100,0,0,0
raw,object_typed_member,1,25,185100,0,0,0
raw,object_typed_member,1,26,183200,0,0,0
raw,object_typed_member,1,27,193400,0,0,0
raw,object_typed_member,1,28,185900,0,0,0
raw,object_typed_member,1,29,192400,0,0,0
summary,object_typed_member,1,192600,205600,0,80,0,0
raw,object_scoped,1,0,209400,0,0,0
raw,object_scoped,1,1,204200,0,0,0
raw,object_scoped,1,2,205000,0,0,0
raw,object_scoped,1,3,205000,0,0,0
raw,object_scoped,1,4,207700,0,0,0
raw,object_scoped,1,5,203000,0,0,0
raw,object_scoped,1,6,209100,0,0,0
raw,object_scoped,1,7,204700,0,0,0
raw,object_scoped,1,8,203100,0,0,0
raw,object_scoped,1,9,203600,0,0,0
raw,object_scoped,1,10,206100,0,0,0
raw,object_scoped,1,11,205100,0,0,0
raw,object_scoped,1,12,211800,0,0,0
raw,object_scoped,1,13,212500,0,0,0
raw,object_scoped,1,14,218100,0,0,0
raw,object_scoped,1,15,209000,0,0,0
raw,object_scoped,1,16,208400,0,0,0
raw,object_scoped,1,17,203600,0,0,0
raw,object_scoped,1,18,204800,0,0,0
raw,object_scoped,1,19,215000,0,0,0
raw,object_scoped,1,20,177700,0,0,0
raw,object_scoped,1,21,181400,0,0,0
raw,object_scoped,1,22,175900,0,0,0
raw,object_scoped,1,23,166700,0,0,0
raw,object_scoped,1,24,166700,0,0,0
raw,object_scoped,1,25,170300,0,0,0
raw,object_scoped,1,26,170400,0,0,0
raw,object_scoped,1,27,170900,0,0,0
raw,object_scoped,1,28,185800,0,0,0
raw,object_scoped,1,29,177700,0,0,0
summary,object_scoped,1,204450,215000,0,80,0,0
raw,listener_layout_a,1,0,22300,0,0,0
raw,listener_layout_a,1,1,29400,0,0,0
raw,listener_layout_a,1,2,22200,0,0,0
raw,listener_layout_a,1,3,27500,0,0,0
raw,listener_layout_a,1,4,27800,0,0,0
raw,listener_layout_a,1,5,22200,0,0,0
raw,listener_layout_a,1,6,22300,0,0,0
raw,listener_layout_a,1,7,26000,0,0,0
raw,listener_layout_a,1,8,22300,0,0,0
raw,listener_layout_a,1,9,22200,0,0,0
raw,listener_layout_a,1,10,29000,0,0,0
raw,listener_layout_a,1,11,22300,0,0,0
raw,listener_layout_a,1,12,22300,0,0,0
raw,listener_layout_a,1,13,26300,0,0,0
raw,listener_layout_a,1,14,22200,0,0,0
raw,listener_layout_a,1,15,22300,0,0,0
raw,listener_layout_a,1,16,22300,0,0,0
raw,listener_layout_a,1,17,26900,0,0,0
raw,listener_layout_a,1,18,22200,0,0,0
raw,listener_layout_a,1,19,27800,0,0,0
raw,listener_layout_a,1,20,22300,0,0,0
raw,listener_layout_a,1,21,22200,0,0,0
raw,listener_layout_a,1,22,22200,0,0,0
raw,listener_layout_a,1,23,22200,0,0,0
raw,listener_layout_a,1,24,22200,0,0,0
raw,listener_layout_a,1,25,29600,0,0,0
raw,listener_layout_a,1,26,22300,0,0,0
raw,listener_layout_a,1,27,22300,0,0,0
raw,listener_layout_a,1,28,28900,0,0,0
raw,listener_layout_a,1,29,22200,0,0,0
summary,listener_layout_a,1,22300,29400,0,8,0,0
raw,listener_layout_b,1,0,25700,0,0,0
raw,listener_layout_b,1,1,22300,0,0,0
raw,listener_layout_b,1,2,22200,0,0,0
raw,listener_layout_b,1,3,22300,0,0,0
raw,listener_layout_b,1,4,29700,0,0,0
raw,listener_layout_b,1,5,22200,0,0,0
raw,listener_layout_b,1,6,22200,0,0,0
raw,listener_layout_b,1,7,22200,0,0,0
raw,listener_layout_b,1,8,28600,0,0,0
raw,listener_layout_b,1,9,22300,0,0,0
raw,listener_layout_b,1,10,22300,0,0,0
raw,listener_layout_b,1,11,22300,0,0,0
raw,listener_layout_b,1,12,22300,0,0,0
raw,listener_layout_b,1,13,22200,0,0,0
raw,listener_layout_b,1,14,28200,0,0,0
raw,listener_layout_b,1,15,22200,0,0,0
raw,listener_layout_b,1,16,22200,0,0,0
raw,listener_layout_b,1,17,22200,0,0,0
raw,listener_layout_b,1,18,22200,0,0,0
raw,listener_layout_b,1,19,22300,0,0,0
raw,listener_layout_b,1,20,22200,0,0,0
raw,listener_layout_b,1,21,22300,0,0,0
raw,listener_layout_b,1,22,22200,0,0,0
raw,listener_layout_b,1,23,22300,0,0,0
raw,listener_layout_b,1,24,22200,0,0,0
raw,listener_layout_b,1,25,22200,0,0,0
raw,listener_layout_b,1,26,22200,0,0,0
raw,listener_layout_b,1,27,22200,0,0,0
raw,listener_layout_b,1,28,29600,0,0,0
raw,listener_layout_b,1,29,28000,0,0,0
summary,listener_layout_b,1,22250,29600,0,24,0,0
raw,object_typed_member,4,0,353700,0,0,0
raw,object_typed_member,4,1,355300,0,0,0
raw,object_typed_member,4,2,357800,0,0,0
raw,object_typed_member,4,3,353700,0,0,0
raw,object_typed_member,4,4,355500,0,0,0
raw,object_typed_member,4,5,388100,0,0,0
raw,object_typed_member,4,6,386900,0,0,0
raw,object_typed_member,4,7,386900,0,0,0
raw,object_typed_member,4,8,390700,0,0,0
raw,object_typed_member,4,9,390600,0,0,0
raw,object_typed_member,4,10,389400,0,0,0
raw,object_typed_member,4,11,386900,0,0,0
raw,object_typed_member,4,12,390600,0,0,0
raw,object_typed_member,4,13,360200,0,0,0
raw,object_typed_member,4,14,360900,0,0,0
raw,object_typed_member,4,15,359800,0,0,0
raw,object_typed_member,4,16,359300,0,0,0
raw,object_typed_member,4,17,353600,0,0,0
raw,object_typed_member,4,18,353600,0,0,0
raw,object_typed_member,4,19,354200,0,0,0
raw,object_typed_member,4,20,353600,0,0,0
raw,object_typed_member,4,21,353600,0,0,0
raw,object_typed_member,4,22,353600,0,0,0
raw,object_typed_member,4,23,353600,0,0,0
raw,object_typed_member,4,24,354700,0,0,0
raw,object_typed_member,4,25,353600,0,0,0
raw,object_typed_member,4,26,353600,0,0,0
raw,object_typed_member,4,27,353500,0,0,0
raw,object_typed_member,4,28,353600,0,0,0
raw,object_typed_member,4,29,354500,0,0,0
summary,object_typed_member,4,355000,390600,0,80,0,0
raw,object_scoped,4,0,306900,0,0,0
raw,object_scoped,4,1,316900,0,0,0
raw,object_scoped,4,2,314200,0,0,0
raw,object_scoped,4,3,311000,0,0,0
raw,object_scoped,4,4,311000,0,0,0
raw,object_scoped,4,5,308500,0,0,0
raw,object_scoped,4,6,309200,0,0,0
raw,object_scoped,4,7,316100,0,0,0
raw,object_scoped,4,8,318100,0,0,0
raw,object_scoped,4,9,313500,0,0,0
raw,object_scoped,4,10,312800,0,0,0
raw,object_scoped,4,11,312900,0,0,0
raw,object_scoped,4,12,312800,0,0,0
raw,object_scoped,4,13,312500,0,0,0
raw,object_scoped,4,14,310100,0,0,0
raw,object_scoped,4,15,315000,0,0,0
raw,object_scoped,4,16,316900,0,0,0
raw,object_scoped,4,17,317900,0,0,0
raw,object_scoped,4,18,309100,0,0,0
raw,object_scoped,4,19,305700,0,0,0
raw,object_scoped,4,20,315700,0,0,0
raw,object_scoped,4,21,314600,0,0,0
raw,object_scoped,4,22,311100,0,0,0
raw,object_scoped,4,23,309100,0,0,0
raw,object_scoped,4,24,309100,0,0,0
raw,object_scoped,4,25,309800,0,0,0
raw,object_scoped,4,26,309200,0,0,0
raw,object_scoped,4,27,309200,0,0,0
raw,object_scoped,4,28,309200,0,0,0
raw,object_scoped,4,29,314500,0,0,0
summary,object_scoped,4,311800,317900,0,80,0,0
raw,listener_layout_a,4,0,120300,0,0,0
raw,listener_layout_a,4,1,122800,0,0,0
raw,listener_layout_a,4,2,122000,0,0,0
raw,listener_layout_a,4,3,115900,0,0,0
raw,listener_layout_a,4,4,122700,0,0,0
raw,listener_layout_a,4,5,107600,0,0,0
raw,listener_layout_a,4,6,118100,0,0,0
raw,listener_layout_a,4,7,102500,0,0,0
raw,listener_layout_a,4,8,123100,0,0,0
raw,listener_layout_a,4,9,122800,0,0,0
raw,listener_layout_a,4,10,119000,0,0,0
raw,listener_layout_a,4,11,118400,0,0,0
raw,listener_layout_a,4,12,121700,0,0,0
raw,listener_layout_a,4,13,123000,0,0,0
raw,listener_layout_a,4,14,106400,0,0,0
raw,listener_layout_a,4,15,120800,0,0,0
raw,listener_layout_a,4,16,122100,0,0,0
raw,listener_layout_a,4,17,123100,0,0,0
raw,listener_layout_a,4,18,120700,0,0,0
raw,listener_layout_a,4,19,120700,0,0,0
raw,listener_layout_a,4,20,104100,0,0,0
raw,listener_layout_a,4,21,110000,0,0,0
raw,listener_layout_a,4,22,120700,0,0,0
raw,listener_layout_a,4,23,120700,0,0,0
raw,listener_layout_a,4,24,114000,0,0,0
raw,listener_layout_a,4,25,120000,0,0,0
raw,listener_layout_a,4,26,120700,0,0,0
raw,listener_layout_a,4,27,119600,0,0,0
raw,listener_layout_a,4,28,114700,0,0,0
raw,listener_layout_a,4,29,119500,0,0,0
summary,listener_layout_a,4,120500,123100,0,8,0,0
raw,listener_layout_b,4,0,90700,0,0,0
raw,listener_layout_b,4,1,120800,0,0,0
raw,listener_layout_b,4,2,90600,0,0,0
raw,listener_layout_b,4,3,108000,0,0,0
raw,listener_layout_b,4,4,88900,0,0,0
raw,listener_layout_b,4,5,110800,0,0,0
raw,listener_layout_b,4,6,88900,0,0,0
raw,listener_layout_b,4,7,88900,0,0,0
raw,listener_layout_b,4,8,88900,0,0,0
raw,listener_layout_b,4,9,110800,0,0,0
raw,listener_layout_b,4,10,88900,0,0,0
raw,listener_layout_b,4,11,111700,0,0,0
raw,listener_layout_b,4,12,114700,0,0,0
raw,listener_layout_b,4,13,101400,0,0,0
raw,listener_layout_b,4,14,110700,0,0,0
raw,listener_layout_b,4,15,92300,0,0,0
raw,listener_layout_b,4,16,118400,0,0,0
raw,listener_layout_b,4,17,111000,0,0,0
raw,listener_layout_b,4,18,109100,0,0,0
raw,listener_layout_b,4,19,111200,0,0,0
raw,listener_layout_b,4,20,113400,0,0,0
raw,listener_layout_b,4,21,118200,0,0,0
raw,listener_layout_b,4,22,90600,0,0,0
raw,listener_layout_b,4,23,91500,0,0,0
raw,listener_layout_b,4,24,89800,0,0,0
raw,listener_layout_b,4,25,90500,0,0,0
raw,listener_layout_b,4,26,113000,0,0,0
raw,listener_layout_b,4,27,111700,0,0,0
raw,listener_layout_b,4,28,90600,0,0,0
raw,listener_layout_b,4,29,101900,0,0,0
summary,listener_layout_b,4,104950,118400,0,24,0,0
raw,object_typed_member,16,0,967300,0,0,0
raw,object_typed_member,16,1,1039100,0,0,0
raw,object_typed_member,16,2,1125500,0,0,0
raw,object_typed_member,16,3,1085800,0,0,0
raw,object_typed_member,16,4,1003000,0,0,0
raw,object_typed_member,16,5,963100,0,0,0
raw,object_typed_member,16,6,1130900,0,0,0
raw,object_typed_member,16,7,1025100,0,0,0
raw,object_typed_member,16,8,992200,0,0,0
raw,object_typed_member,16,9,939900,0,0,0
raw,object_typed_member,16,10,948800,0,0,0
raw,object_typed_member,16,11,940400,0,0,0
raw,object_typed_member,16,12,943000,0,0,0
raw,object_typed_member,16,13,1002800,0,0,0
raw,object_typed_member,16,14,1108200,0,0,0
raw,object_typed_member,16,15,1101400,0,0,0
raw,object_typed_member,16,16,1099100,0,0,0
raw,object_typed_member,16,17,1103700,0,0,0
raw,object_typed_member,16,18,1066600,0,0,0
raw,object_typed_member,16,19,969000,0,0,0
raw,object_typed_member,16,20,972000,0,0,0
raw,object_typed_member,16,21,981000,0,0,0
raw,object_typed_member,16,22,992200,0,0,0
raw,object_typed_member,16,23,947800,0,0,0
raw,object_typed_member,16,24,932000,0,0,0
raw,object_typed_member,16,25,949000,0,0,0
raw,object_typed_member,16,26,968600,0,0,0
raw,object_typed_member,16,27,936200,0,0,0
raw,object_typed_member,16,28,926600,0,0,0
raw,object_typed_member,16,29,950700,0,0,0
summary,object_typed_member,16,976500,1125500,0,80,0,0
raw,object_scoped,16,0,790500,0,0,0
raw,object_scoped,16,1,782300,0,0,0
raw,object_scoped,16,2,681600,0,0,0
raw,object_scoped,16,3,738200,0,0,0
raw,object_scoped,16,4,768600,0,0,0
raw,object_scoped,16,5,785700,0,0,0
raw,object_scoped,16,6,800200,0,0,0
raw,object_scoped,16,7,846000,0,0,0
raw,object_scoped,16,8,794900,0,0,0
raw,object_scoped,16,9,796700,0,0,0
raw,object_scoped,16,10,762300,0,0,0
raw,object_scoped,16,11,804200,0,0,0
raw,object_scoped,16,12,819200,0,0,0
raw,object_scoped,16,13,815100,0,0,0
raw,object_scoped,16,14,797200,0,0,0
raw,object_scoped,16,15,797900,0,0,0
raw,object_scoped,16,16,831600,0,0,0
raw,object_scoped,16,17,814500,0,0,0
raw,object_scoped,16,18,798100,0,0,0
raw,object_scoped,16,19,815600,0,0,0
raw,object_scoped,16,20,812900,0,0,0
raw,object_scoped,16,21,798600,0,0,0
raw,object_scoped,16,22,804900,0,0,0
raw,object_scoped,16,23,810300,0,0,0
raw,object_scoped,16,24,812900,0,0,0
raw,object_scoped,16,25,809400,0,0,0
raw,object_scoped,16,26,787700,0,0,0
raw,object_scoped,16,27,775600,0,0,0
raw,object_scoped,16,28,844000,0,0,0
raw,object_scoped,16,29,822600,0,0,0
summary,object_scoped,16,799400,844000,0,80,0,0
raw,listener_layout_a,16,0,480700,0,0,0
raw,listener_layout_a,16,1,430100,0,0,0
raw,listener_layout_a,16,2,477300,0,0,0
raw,listener_layout_a,16,3,481900,0,0,0
raw,listener_layout_a,16,4,477600,0,0,0
raw,listener_layout_a,16,5,481500,0,0,0
raw,listener_layout_a,16,6,477100,0,0,0
raw,listener_layout_a,16,7,477000,0,0,0
raw,listener_layout_a,16,8,469200,0,0,0
raw,listener_layout_a,16,9,450000,0,0,0
raw,listener_layout_a,16,10,476700,0,0,0
raw,listener_layout_a,16,11,477200,0,0,0
raw,listener_layout_a,16,12,470600,0,0,0
raw,listener_layout_a,16,13,473900,0,0,0
raw,listener_layout_a,16,14,476300,0,0,0
raw,listener_layout_a,16,15,355400,0,0,0
raw,listener_layout_a,16,16,432200,0,0,0
raw,listener_layout_a,16,17,479800,0,0,0
raw,listener_layout_a,16,18,481600,0,0,0
raw,listener_layout_a,16,19,421400,0,0,0
raw,listener_layout_a,16,20,398900,0,0,0
raw,listener_layout_a,16,21,468700,0,0,0
raw,listener_layout_a,16,22,457300,0,0,0
raw,listener_layout_a,16,23,478700,0,0,0
raw,listener_layout_a,16,24,430900,0,0,0
raw,listener_layout_a,16,25,483000,0,0,0
raw,listener_layout_a,16,26,476000,0,0,0
raw,listener_layout_a,16,27,476800,0,0,0
raw,listener_layout_a,16,28,476300,0,0,0
raw,listener_layout_a,16,29,468300,0,0,0
summary,listener_layout_a,16,476300,481900,0,8,0,0
raw,listener_layout_b,16,0,355600,0,0,0
raw,listener_layout_b,16,1,398500,0,0,0
raw,listener_layout_b,16,2,363500,0,0,0
raw,listener_layout_b,16,3,472300,0,0,0
raw,listener_layout_b,16,4,401500,0,0,0
raw,listener_layout_b,16,5,461700,0,0,0
raw,listener_layout_b,16,6,432600,0,0,0
raw,listener_layout_b,16,7,369600,0,0,0
raw,listener_layout_b,16,8,362300,0,0,0
raw,listener_layout_b,16,9,485500,0,0,0
raw,listener_layout_b,16,10,457700,0,0,0
raw,listener_layout_b,16,11,408700,0,0,0
raw,listener_layout_b,16,12,355700,0,0,0
raw,listener_layout_b,16,13,394700,0,0,0
raw,listener_layout_b,16,14,469700,0,0,0
raw,listener_layout_b,16,15,391200,0,0,0
raw,listener_layout_b,16,16,428900,0,0,0
raw,listener_layout_b,16,17,450800,0,0,0
raw,listener_layout_b,16,18,452500,0,0,0
raw,listener_layout_b,16,19,371400,0,0,0
raw,listener_layout_b,16,20,411200,0,0,0
raw,listener_layout_b,16,21,355400,0,0,0
raw,listener_layout_b,16,22,359600,0,0,0
raw,listener_layout_b,16,23,358600,0,0,0
raw,listener_layout_b,16,24,484800,0,0,0
raw,listener_layout_b,16,25,435400,0,0,0
raw,listener_layout_b,16,26,476100,0,0,0
raw,listener_layout_b,16,27,356300,0,0,0
raw,listener_layout_b,16,28,471700,0,0,0
raw,listener_layout_b,16,29,459600,0,0,0
summary,listener_layout_b,16,409950,484800,0,24,0,0
raw,object_typed_member,64,0,3458800,0,0,0
raw,object_typed_member,64,1,3377500,0,0,0
raw,object_typed_member,64,2,3566900,0,0,0
raw,object_typed_member,64,3,3553400,0,0,0
raw,object_typed_member,64,4,3585900,0,0,0
raw,object_typed_member,64,5,3565100,0,0,0
raw,object_typed_member,64,6,3470800,0,0,0
raw,object_typed_member,64,7,3419200,0,0,0
raw,object_typed_member,64,8,3593000,0,0,0
raw,object_typed_member,64,9,3538700,0,0,0
raw,object_typed_member,64,10,3572500,0,0,0
raw,object_typed_member,64,11,3600800,0,0,0
raw,object_typed_member,64,12,3521200,0,0,0
raw,object_typed_member,64,13,3571200,0,0,0
raw,object_typed_member,64,14,3426800,0,0,0
raw,object_typed_member,64,15,3761300,0,0,0
raw,object_typed_member,64,16,3365900,0,0,0
raw,object_typed_member,64,17,3589000,0,0,0
raw,object_typed_member,64,18,3457800,0,0,0
raw,object_typed_member,64,19,3861100,0,0,0
raw,object_typed_member,64,20,3518700,0,0,0
raw,object_typed_member,64,21,3499000,0,0,0
raw,object_typed_member,64,22,3430800,0,0,0
raw,object_typed_member,64,23,3449200,0,0,0
raw,object_typed_member,64,24,3513800,0,0,0
raw,object_typed_member,64,25,3529200,0,0,0
raw,object_typed_member,64,26,3601900,0,0,0
raw,object_typed_member,64,27,3700000,0,0,0
raw,object_typed_member,64,28,3847700,0,0,0
raw,object_typed_member,64,29,3724900,0,0,0
summary,object_typed_member,64,3546050,3847700,0,80,0,0
raw,object_scoped,64,0,2898800,0,0,0
raw,object_scoped,64,1,2893900,0,0,0
raw,object_scoped,64,2,2898100,0,0,0
raw,object_scoped,64,3,2902000,0,0,0
raw,object_scoped,64,4,2917200,0,0,0
raw,object_scoped,64,5,2892700,0,0,0
raw,object_scoped,64,6,2890100,0,0,0
raw,object_scoped,64,7,2891000,0,0,0
raw,object_scoped,64,8,2907600,0,0,0
raw,object_scoped,64,9,2905000,0,0,0
raw,object_scoped,64,10,2885600,0,0,0
raw,object_scoped,64,11,2888500,0,0,0
raw,object_scoped,64,12,2890500,0,0,0
raw,object_scoped,64,13,2903000,0,0,0
raw,object_scoped,64,14,2944900,0,0,0
raw,object_scoped,64,15,2892600,0,0,0
raw,object_scoped,64,16,2893300,0,0,0
raw,object_scoped,64,17,2892200,0,0,0
raw,object_scoped,64,18,2911700,0,0,0
raw,object_scoped,64,19,2903900,0,0,0
raw,object_scoped,64,20,2901200,0,0,0
raw,object_scoped,64,21,2895300,0,0,0
raw,object_scoped,64,22,2902200,0,0,0
raw,object_scoped,64,23,2918500,0,0,0
raw,object_scoped,64,24,2914400,0,0,0
raw,object_scoped,64,25,2886800,0,0,0
raw,object_scoped,64,26,2867300,0,0,0
raw,object_scoped,64,27,2889600,0,0,0
raw,object_scoped,64,28,2889500,0,0,0
raw,object_scoped,64,29,2893300,0,0,0
summary,object_scoped,64,2894600,2918500,0,80,0,0
raw,listener_layout_a,64,0,1545600,0,0,0
raw,listener_layout_a,64,1,1683700,0,0,0
raw,listener_layout_a,64,2,1574700,0,0,0
raw,listener_layout_a,64,3,1517700,0,0,0
raw,listener_layout_a,64,4,1542800,0,0,0
raw,listener_layout_a,64,5,1525200,0,0,0
raw,listener_layout_a,64,6,1516900,0,0,0
raw,listener_layout_a,64,7,1517700,0,0,0
raw,listener_layout_a,64,8,1534900,0,0,0
raw,listener_layout_a,64,9,1540000,0,0,0
raw,listener_layout_a,64,10,1584000,0,0,0
raw,listener_layout_a,64,11,1606100,0,0,0
raw,listener_layout_a,64,12,1691900,0,0,0
raw,listener_layout_a,64,13,1540100,0,0,0
raw,listener_layout_a,64,14,1584400,0,0,0
raw,listener_layout_a,64,15,1615600,0,0,0
raw,listener_layout_a,64,16,1638200,0,0,0
raw,listener_layout_a,64,17,1555700,0,0,0
raw,listener_layout_a,64,18,1585200,0,0,0
raw,listener_layout_a,64,19,1706400,0,0,0
raw,listener_layout_a,64,20,1592900,0,0,0
raw,listener_layout_a,64,21,1608600,0,0,0
raw,listener_layout_a,64,22,1535900,0,0,0
raw,listener_layout_a,64,23,1605500,0,0,0
raw,listener_layout_a,64,24,1522800,0,0,0
raw,listener_layout_a,64,25,1583200,0,0,0
raw,listener_layout_a,64,26,1635100,0,0,0
raw,listener_layout_a,64,27,1539300,0,0,0
raw,listener_layout_a,64,28,1517500,0,0,0
raw,listener_layout_a,64,29,1681600,0,0,0
summary,listener_layout_a,64,1578950,1691900,0,8,0,0
raw,listener_layout_b,64,0,1704900,0,0,0
raw,listener_layout_b,64,1,1695900,0,0,0
raw,listener_layout_b,64,2,1650800,0,0,0
raw,listener_layout_b,64,3,1716500,0,0,0
raw,listener_layout_b,64,4,1746600,0,0,0
raw,listener_layout_b,64,5,1655200,0,0,0
raw,listener_layout_b,64,6,1723300,0,0,0
raw,listener_layout_b,64,7,1652100,0,0,0
raw,listener_layout_b,64,8,1656200,0,0,0
raw,listener_layout_b,64,9,1647300,0,0,0
raw,listener_layout_b,64,10,1716800,0,0,0
raw,listener_layout_b,64,11,1705000,0,0,0
raw,listener_layout_b,64,12,1650400,0,0,0
raw,listener_layout_b,64,13,1652500,0,0,0
raw,listener_layout_b,64,14,1852800,0,0,0
raw,listener_layout_b,64,15,1663300,0,0,0
raw,listener_layout_b,64,16,1651700,0,0,0
raw,listener_layout_b,64,17,1755800,0,0,0
raw,listener_layout_b,64,18,1758500,0,0,0
raw,listener_layout_b,64,19,1718900,0,0,0
raw,listener_layout_b,64,20,1717900,0,0,0
raw,listener_layout_b,64,21,1673100,0,0,0
raw,listener_layout_b,64,22,1684400,0,0,0
raw,listener_layout_b,64,23,1646700,0,0,0
raw,listener_layout_b,64,24,1734200,0,0,0
raw,listener_layout_b,64,25,1673000,0,0,0
raw,listener_layout_b,64,26,1672200,0,0,0
raw,listener_layout_b,64,27,1651100,0,0,0
raw,listener_layout_b,64,28,1669400,0,0,0
raw,listener_layout_b,64,29,1668300,0,0,0
summary,listener_layout_b,64,1673050,1758500,0,24,0,0
raw,object_dynamic_reflected,1,0,222000,0,0,0
raw,object_dynamic_reflected,1,1,279300,0,0,0
raw,object_dynamic_reflected,1,2,258400,0,0,0
raw,object_dynamic_reflected,1,3,254800,0,0,0
raw,object_dynamic_reflected,1,4,249500,0,0,0
raw,object_dynamic_reflected,1,5,248900,0,0,0
raw,object_dynamic_reflected,1,6,258400,0,0,0
raw,object_dynamic_reflected,1,7,254700,0,0,0
raw,object_dynamic_reflected,1,8,255700,0,0,0
raw,object_dynamic_reflected,1,9,250800,0,0,0
raw,object_dynamic_reflected,1,10,250800,0,0,0
raw,object_dynamic_reflected,1,11,250900,0,0,0
raw,object_dynamic_reflected,1,12,250400,0,0,0
raw,object_dynamic_reflected,1,13,235100,0,0,0
raw,object_dynamic_reflected,1,14,239500,0,0,0
raw,object_dynamic_reflected,1,15,239500,0,0,0
raw,object_dynamic_reflected,1,16,231500,0,0,0
raw,object_dynamic_reflected,1,17,219600,0,0,0
raw,object_dynamic_reflected,1,18,225800,0,0,0
raw,object_dynamic_reflected,1,19,231400,0,0,0
raw,object_dynamic_reflected,1,20,227700,0,0,0
raw,object_dynamic_reflected,1,21,262800,0,0,0
raw,object_dynamic_reflected,1,22,244700,0,0,0
raw,object_dynamic_reflected,1,23,217400,0,0,0
raw,object_dynamic_reflected,1,24,215000,0,0,0
raw,object_dynamic_reflected,1,25,202000,0,0,0
raw,object_dynamic_reflected,1,26,205500,0,0,0
raw,object_dynamic_reflected,1,27,211100,0,0,0
raw,object_dynamic_reflected,1,28,205200,0,0,0
raw,object_dynamic_reflected,1,29,206700,0,0,0
summary,object_dynamic_reflected,1,239500,262800,0,80,0,0
raw,object_queued,1,0,223900,0,2000,0
raw,object_queued,1,1,225000,0,2000,0
raw,object_queued,1,2,226100,0,2000,0
raw,object_queued,1,3,222900,0,2000,0
raw,object_queued,1,4,206000,0,2000,0
raw,object_queued,1,5,242600,0,2000,0
raw,object_queued,1,6,290300,0,2000,0
raw,object_queued,1,7,212900,0,2000,0
raw,object_queued,1,8,221600,0,2000,0
raw,object_queued,1,9,201800,0,2000,0
raw,object_queued,1,10,203400,0,2000,0
raw,object_queued,1,11,200300,0,2000,0
raw,object_queued,1,12,199700,0,2000,0
raw,object_queued,1,13,197500,0,2000,0
raw,object_queued,1,14,202800,0,2000,0
raw,object_queued,1,15,205500,0,2000,0
raw,object_queued,1,16,202900,0,2000,0
raw,object_queued,1,17,203200,0,2000,0
raw,object_queued,1,18,206800,0,2000,0
raw,object_queued,1,19,204300,0,2000,0
raw,object_queued,1,20,204500,0,2000,0
raw,object_queued,1,21,208100,0,2000,0
raw,object_queued,1,22,205100,0,2000,0
raw,object_queued,1,23,204800,0,2000,0
raw,object_queued,1,24,201100,0,2000,0
raw,object_queued,1,25,212700,0,2000,0
raw,object_queued,1,26,203200,0,2000,0
raw,object_queued,1,27,209300,0,2000,0
raw,object_queued,1,28,198200,0,2000,0
raw,object_queued,1,29,200600,0,2000,0
summary,object_queued,1,204950,242600,0,80,60000,0
raw,object_queued,4,0,762100,0,8000,0
raw,object_queued,4,1,763500,0,8000,0
raw,object_queued,4,2,887600,0,8000,0
raw,object_queued,4,3,768600,0,8000,0
raw,object_queued,4,4,749100,0,8000,0
raw,object_queued,4,5,751200,0,8000,0
raw,object_queued,4,6,757100,0,8000,0
raw,object_queued,4,7,753200,0,8000,0
raw,object_queued,4,8,758400,0,8000,0
raw,object_queued,4,9,743400,0,8000,0
raw,object_queued,4,10,754000,0,8000,0
raw,object_queued,4,11,759500,0,8000,0
raw,object_queued,4,12,748700,0,8000,0
raw,object_queued,4,13,757700,0,8000,0
raw,object_queued,4,14,749400,0,8000,0
raw,object_queued,4,15,744400,0,8000,0
raw,object_queued,4,16,754200,0,8000,0
raw,object_queued,4,17,748700,0,8000,0
raw,object_queued,4,18,745400,0,8000,0
raw,object_queued,4,19,746700,0,8000,0
raw,object_queued,4,20,743900,0,8000,0
raw,object_queued,4,21,745200,0,8000,0
raw,object_queued,4,22,771600,0,8000,0
raw,object_queued,4,23,767600,0,8000,0
raw,object_queued,4,24,760500,0,8000,0
raw,object_queued,4,25,744500,0,8000,0
raw,object_queued,4,26,747100,0,8000,0
raw,object_queued,4,27,740900,0,8000,0
raw,object_queued,4,28,747700,0,8000,0
raw,object_queued,4,29,738100,0,8000,0
summary,object_queued,4,750300,771600,0,80,240000,0
raw,object_queued_payload_4,1,0,26300,0,250,0
raw,object_queued_payload_4,1,1,26200,0,250,0
raw,object_queued_payload_4,1,2,25800,0,250,0
raw,object_queued_payload_4,1,3,25700,0,250,0
raw,object_queued_payload_4,1,4,25900,0,250,0
raw,object_queued_payload_4,1,5,26000,0,250,0
raw,object_queued_payload_4,1,6,25900,0,250,0
raw,object_queued_payload_4,1,7,25900,0,250,0
raw,object_queued_payload_4,1,8,26100,0,250,0
raw,object_queued_payload_4,1,9,26200,0,250,0
raw,object_queued_payload_4,1,10,26500,0,250,0
raw,object_queued_payload_4,1,11,26000,0,250,0
raw,object_queued_payload_4,1,12,25600,0,250,0
raw,object_queued_payload_4,1,13,26000,0,250,0
raw,object_queued_payload_4,1,14,26100,0,250,0
raw,object_queued_payload_4,1,15,25700,0,250,0
raw,object_queued_payload_4,1,16,25900,0,250,0
raw,object_queued_payload_4,1,17,25800,0,250,0
raw,object_queued_payload_4,1,18,25600,0,250,0
raw,object_queued_payload_4,1,19,26500,0,250,0
raw,object_queued_payload_4,1,20,26000,0,250,0
raw,object_queued_payload_4,1,21,25700,0,250,0
raw,object_queued_payload_4,1,22,25600,0,250,0
raw,object_queued_payload_4,1,23,26000,0,250,0
raw,object_queued_payload_4,1,24,25600,0,250,0
raw,object_queued_payload_4,1,25,26200,0,250,0
raw,object_queued_payload_4,1,26,25500,0,250,0
raw,object_queued_payload_4,1,27,25500,0,250,0
raw,object_queued_payload_4,1,28,25900,0,250,0
raw,object_queued_payload_4,1,29,25900,0,250,0
summary,object_queued_payload_4,1,25900,26500,0,80,7500,0
raw,object_queued_payload_64,1,0,39500,250,0,250
raw,object_queued_payload_64,1,1,39700,250,0,250
raw,object_queued_payload_64,1,2,38700,250,0,250
raw,object_queued_payload_64,1,3,38700,250,0,250
raw,object_queued_payload_64,1,4,39100,250,0,250
raw,object_queued_payload_64,1,5,39900,250,0,250
raw,object_queued_payload_64,1,6,38900,250,0,250
raw,object_queued_payload_64,1,7,38800,250,0,250
raw,object_queued_payload_64,1,8,38600,250,0,250
raw,object_queued_payload_64,1,9,38600,250,0,250
raw,object_queued_payload_64,1,10,38700,250,0,250
raw,object_queued_payload_64,1,11,39000,250,0,250
raw,object_queued_payload_64,1,12,37800,250,0,250
raw,object_queued_payload_64,1,13,38000,250,0,250
raw,object_queued_payload_64,1,14,39300,250,0,250
raw,object_queued_payload_64,1,15,38200,250,0,250
raw,object_queued_payload_64,1,16,37900,250,0,250
raw,object_queued_payload_64,1,17,39000,250,0,250
raw,object_queued_payload_64,1,18,37900,250,0,250
raw,object_queued_payload_64,1,19,37700,250,0,250
raw,object_queued_payload_64,1,20,38600,250,0,250
raw,object_queued_payload_64,1,21,38200,250,0,250
raw,object_queued_payload_64,1,22,38200,250,0,250
raw,object_queued_payload_64,1,23,39100,250,0,250
raw,object_queued_payload_64,1,24,37700,250,0,250
raw,object_queued_payload_64,1,25,37900,250,0,250
raw,object_queued_payload_64,1,26,39000,250,0,250
raw,object_queued_payload_64,1,27,37800,250,0,250
raw,object_queued_payload_64,1,28,38400,250,0,250
raw,object_queued_payload_64,1,29,39000,250,0,250
summary,object_queued_payload_64,1,38650,39700,7500,80,0,7500
raw,object_queued_payload_256,1,0,57700,250,0,250
raw,object_queued_payload_256,1,1,57200,250,0,250
raw,object_queued_payload_256,1,2,57300,250,0,250
raw,object_queued_payload_256,1,3,57600,250,0,250
raw,object_queued_payload_256,1,4,56700,250,0,250
raw,object_queued_payload_256,1,5,57200,250,0,250
raw,object_queued_payload_256,1,6,57400,250,0,250
raw,object_queued_payload_256,1,7,56300,250,0,250
raw,object_queued_payload_256,1,8,56500,250,0,250
raw,object_queued_payload_256,1,9,56400,250,0,250
raw,object_queued_payload_256,1,10,56400,250,0,250
raw,object_queued_payload_256,1,11,56700,250,0,250
raw,object_queued_payload_256,1,12,57300,250,0,250
raw,object_queued_payload_256,1,13,56800,250,0,250
raw,object_queued_payload_256,1,14,57400,250,0,250
raw,object_queued_payload_256,1,15,57600,250,0,250
raw,object_queued_payload_256,1,16,57000,250,0,250
raw,object_queued_payload_256,1,17,57900,250,0,250
raw,object_queued_payload_256,1,18,57000,250,0,250
raw,object_queued_payload_256,1,19,56800,250,0,250
raw,object_queued_payload_256,1,20,57400,250,0,250
raw,object_queued_payload_256,1,21,57000,250,0,250
raw,object_queued_payload_256,1,22,56300,250,0,250
raw,object_queued_payload_256,1,23,57400,250,0,250
raw,object_queued_payload_256,1,24,57300,250,0,250
raw,object_queued_payload_256,1,25,57300,250,0,250
raw,object_queued_payload_256,1,26,58000,250,0,250
raw,object_queued_payload_256,1,27,57300,250,0,250
raw,object_queued_payload_256,1,28,56600,250,0,250
raw,object_queued_payload_256,1,29,57000,250,0,250
summary,object_queued_payload_256,1,57200,57900,7500,80,0,7500
raw,object_queued_payload_1024,1,0,114500,250,0,250
raw,object_queued_payload_1024,1,1,112600,250,0,250
raw,object_queued_payload_1024,1,2,113800,250,0,250
raw,object_queued_payload_1024,1,3,113100,250,0,250
raw,object_queued_payload_1024,1,4,113300,250,0,250
raw,object_queued_payload_1024,1,5,113600,250,0,250
raw,object_queued_payload_1024,1,6,113200,250,0,250
raw,object_queued_payload_1024,1,7,112500,250,0,250
raw,object_queued_payload_1024,1,8,111700,250,0,250
raw,object_queued_payload_1024,1,9,113200,250,0,250
raw,object_queued_payload_1024,1,10,112300,250,0,250
raw,object_queued_payload_1024,1,11,112500,250,0,250
raw,object_queued_payload_1024,1,12,111400,250,0,250
raw,object_queued_payload_1024,1,13,115700,250,0,250
raw,object_queued_payload_1024,1,14,113900,250,0,250
raw,object_queued_payload_1024,1,15,114500,250,0,250
raw,object_queued_payload_1024,1,16,113700,250,0,250
raw,object_queued_payload_1024,1,17,113400,250,0,250
raw,object_queued_payload_1024,1,18,116000,250,0,250
raw,object_queued_payload_1024,1,19,111100,250,0,250
raw,object_queued_payload_1024,1,20,112700,250,0,250
raw,object_queued_payload_1024,1,21,115300,250,0,250
raw,object_queued_payload_1024,1,22,116100,250,0,250
raw,object_queued_payload_1024,1,23,113100,250,0,250
raw,object_queued_payload_1024,1,24,112400,250,0,250
raw,object_queued_payload_1024,1,25,114000,250,0,250
raw,object_queued_payload_1024,1,26,116300,250,0,250
raw,object_queued_payload_1024,1,27,113100,250,0,250
raw,object_queued_payload_1024,1,28,112500,250,0,250
raw,object_queued_payload_1024,1,29,115000,250,0,250
summary,object_queued_payload_1024,1,113250,116100,7500,80,0,7500
raw,object_queued_payload_4,4,0,96000,0,1000,0
raw,object_queued_payload_4,4,1,101100,0,1000,0
raw,object_queued_payload_4,4,2,96500,0,1000,0
raw,object_queued_payload_4,4,3,110400,0,1000,0
raw,object_queued_payload_4,4,4,102200,0,1000,0
raw,object_queued_payload_4,4,5,104100,0,1000,0
raw,object_queued_payload_4,4,6,96700,0,1000,0
raw,object_queued_payload_4,4,7,101400,0,1000,0
raw,object_queued_payload_4,4,8,98500,0,1000,0
raw,object_queued_payload_4,4,9,104200,0,1000,0
raw,object_queued_payload_4,4,10,97600,0,1000,0
raw,object_queued_payload_4,4,11,100300,0,1000,0
raw,object_queued_payload_4,4,12,96000,0,1000,0
raw,object_queued_payload_4,4,13,100200,0,1000,0
raw,object_queued_payload_4,4,14,95400,0,1000,0
raw,object_queued_payload_4,4,15,108200,0,1000,0
raw,object_queued_payload_4,4,16,97600,0,1000,0
raw,object_queued_payload_4,4,17,100100,0,1000,0
raw,object_queued_payload_4,4,18,95600,0,1000,0
raw,object_queued_payload_4,4,19,99800,0,1000,0
raw,object_queued_payload_4,4,20,94100,0,1000,0
raw,object_queued_payload_4,4,21,100400,0,1000,0
raw,object_queued_payload_4,4,22,94700,0,1000,0
raw,object_queued_payload_4,4,23,99500,0,1000,0
raw,object_queued_payload_4,4,24,96500,0,1000,0
raw,object_queued_payload_4,4,25,103500,0,1000,0
raw,object_queued_payload_4,4,26,95300,0,1000,0
raw,object_queued_payload_4,4,27,99600,0,1000,0
raw,object_queued_payload_4,4,28,95200,0,1000,0
raw,object_queued_payload_4,4,29,100300,0,1000,0
summary,object_queued_payload_4,4,99550,108200,0,80,30000,0
raw,object_queued_payload_64,4,0,156100,1000,0,1000
raw,object_queued_payload_64,4,1,156800,1000,0,1000
raw,object_queued_payload_64,4,2,152500,1000,0,1000
raw,object_queued_payload_64,4,3,160600,1000,0,1000
raw,object_queued_payload_64,4,4,154100,1000,0,1000
raw,object_queued_payload_64,4,5,157800,1000,0,1000
raw,object_queued_payload_64,4,6,152000,1000,0,1000
raw,object_queued_payload_64,4,7,158600,1000,0,1000
raw,object_queued_payload_64,4,8,152500,1000,0,1000
raw,object_queued_payload_64,4,9,166300,1000,0,1000
raw,object_queued_payload_64,4,10,155800,1000,0,1000
raw,object_queued_payload_64,4,11,150300,1000,0,1000
raw,object_queued_payload_64,4,12,158200,1000,0,1000
raw,object_queued_payload_64,4,13,153700,1000,0,1000
raw,object_queued_payload_64,4,14,163100,1000,0,1000
raw,object_queued_payload_64,4,15,156400,1000,0,1000
raw,object_queued_payload_64,4,16,156500,1000,0,1000
raw,object_queued_payload_64,4,17,152900,1000,0,1000
raw,object_queued_payload_64,4,18,156400,1000,0,1000
raw,object_queued_payload_64,4,19,152700,1000,0,1000
raw,object_queued_payload_64,4,20,168500,1000,0,1000
raw,object_queued_payload_64,4,21,153000,1000,0,1000
raw,object_queued_payload_64,4,22,159200,1000,0,1000
raw,object_queued_payload_64,4,23,152900,1000,0,1000
raw,object_queued_payload_64,4,24,157700,1000,0,1000
raw,object_queued_payload_64,4,25,161300,1000,0,1000
raw,object_queued_payload_64,4,26,171900,1000,0,1000
raw,object_queued_payload_64,4,27,153300,1000,0,1000
raw,object_queued_payload_64,4,28,157800,1000,0,1000
raw,object_queued_payload_64,4,29,152700,1000,0,1000
summary,object_queued_payload_64,4,156400,168500,30000,80,0,30000
raw,object_queued_payload_256,4,0,215400,1000,0,1000
raw,object_queued_payload_256,4,1,249400,1000,0,1000
raw,object_queued_payload_256,4,2,215800,1000,0,1000
raw,object_queued_payload_256,4,3,217800,1000,0,1000
raw,object_queued_payload_256,4,4,253900,1000,0,1000
raw,object_queued_payload_256,4,5,216000,1000,0,1000
raw,object_queued_payload_256,4,6,224500,1000,0,1000
raw,object_queued_payload_256,4,7,250700,1000,0,1000
raw,object_queued_payload_256,4,8,222000,1000,0,1000
raw,object_queued_payload_256,4,9,222000,1000,0,1000
raw,object_queued_payload_256,4,10,245500,1000,0,1000
raw,object_queued_payload_256,4,11,215400,1000,0,1000
raw,object_queued_payload_256,4,12,229800,1000,0,1000
raw,object_queued_payload_256,4,13,241000,1000,0,1000
raw,object_queued_payload_256,4,14,216500,1000,0,1000
raw,object_queued_payload_256,4,15,234500,1000,0,1000
raw,object_queued_payload_256,4,16,235100,1000,0,1000
raw,object_queued_payload_256,4,17,221400,1000,0,1000
raw,object_queued_payload_256,4,18,261400,1000,0,1000
raw,object_queued_payload_256,4,19,264800,1000,0,1000
raw,object_queued_payload_256,4,20,224900,1000,0,1000
raw,object_queued_payload_256,4,21,213700,1000,0,1000
raw,object_queued_payload_256,4,22,215900,1000,0,1000
raw,object_queued_payload_256,4,23,215600,1000,0,1000
raw,object_queued_payload_256,4,24,215400,1000,0,1000
raw,object_queued_payload_256,4,25,212800,1000,0,1000
raw,object_queued_payload_256,4,26,222000,1000,0,1000
raw,object_queued_payload_256,4,27,226000,1000,0,1000
raw,object_queued_payload_256,4,28,219300,1000,0,1000
raw,object_queued_payload_256,4,29,214700,1000,0,1000
summary,object_queued_payload_256,4,222000,261400,30000,80,0,30000
raw,object_queued_payload_1024,4,0,437400,1000,0,1000
raw,object_queued_payload_1024,4,1,432300,1000,0,1000
raw,object_queued_payload_1024,4,2,469800,1000,0,1000
raw,object_queued_payload_1024,4,3,467700,1000,0,1000
raw,object_queued_payload_1024,4,4,467000,1000,0,1000
raw,object_queued_payload_1024,4,5,486600,1000,0,1000
raw,object_queued_payload_1024,4,6,538000,1000,0,1000
raw,object_queued_payload_1024,4,7,501900,1000,0,1000
raw,object_queued_payload_1024,4,8,524900,1000,0,1000
raw,object_queued_payload_1024,4,9,533700,1000,0,1000
raw,object_queued_payload_1024,4,10,449000,1000,0,1000
raw,object_queued_payload_1024,4,11,438900,1000,0,1000
raw,object_queued_payload_1024,4,12,444400,1000,0,1000
raw,object_queued_payload_1024,4,13,456900,1000,0,1000
raw,object_queued_payload_1024,4,14,472900,1000,0,1000
raw,object_queued_payload_1024,4,15,490400,1000,0,1000
raw,object_queued_payload_1024,4,16,496200,1000,0,1000
raw,object_queued_payload_1024,4,17,492900,1000,0,1000
raw,object_queued_payload_1024,4,18,474600,1000,0,1000
raw,object_queued_payload_1024,4,19,842100,1000,0,1000
raw,object_queued_payload_1024,4,20,440200,1000,0,1000
raw,object_queued_payload_1024,4,21,418700,1000,0,1000
raw,object_queued_payload_1024,4,22,422900,1000,0,1000
raw,object_queued_payload_1024,4,23,435200,1000,0,1000
raw,object_queued_payload_1024,4,24,417500,1000,0,1000
raw,object_queued_payload_1024,4,25,456400,1000,0,1000
raw,object_queued_payload_1024,4,26,419700,1000,0,1000
raw,object_queued_payload_1024,4,27,419200,1000,0,1000
raw,object_queued_payload_1024,4,28,421000,1000,0,1000
raw,object_queued_payload_1024,4,29,438400,1000,0,1000
summary,object_queued_payload_1024,4,456650,538000,30000,80,0,30000
raw,object_queued_payload_4,16,0,390300,0,4000,0
raw,object_queued_payload_4,16,1,382100,0,4000,0
raw,object_queued_payload_4,16,2,379500,0,4000,0
raw,object_queued_payload_4,16,3,384900,0,4000,0
raw,object_queued_payload_4,16,4,375600,0,4000,0
raw,object_queued_payload_4,16,5,380200,0,4000,0
raw,object_queued_payload_4,16,6,378900,0,4000,0
raw,object_queued_payload_4,16,7,380900,0,4000,0
raw,object_queued_payload_4,16,8,378100,0,4000,0
raw,object_queued_payload_4,16,9,393400,0,4000,0
raw,object_queued_payload_4,16,10,380400,0,4000,0
raw,object_queued_payload_4,16,11,377200,0,4000,0
raw,object_queued_payload_4,16,12,388100,0,4000,0
raw,object_queued_payload_4,16,13,379800,0,4000,0
raw,object_queued_payload_4,16,14,379000,0,4000,0
raw,object_queued_payload_4,16,15,388100,0,4000,0
raw,object_queued_payload_4,16,16,378200,0,4000,0
raw,object_queued_payload_4,16,17,409100,0,4000,0
raw,object_queued_payload_4,16,18,385500,0,4000,0
raw,object_queued_payload_4,16,19,424700,0,4000,0
raw,object_queued_payload_4,16,20,407200,0,4000,0
raw,object_queued_payload_4,16,21,383500,0,4000,0
raw,object_queued_payload_4,16,22,377600,0,4000,0
raw,object_queued_payload_4,16,23,385300,0,4000,0
raw,object_queued_payload_4,16,24,379000,0,4000,0
raw,object_queued_payload_4,16,25,391000,0,4000,0
raw,object_queued_payload_4,16,26,382400,0,4000,0
raw,object_queued_payload_4,16,27,387000,0,4000,0
raw,object_queued_payload_4,16,28,395900,0,4000,0
raw,object_queued_payload_4,16,29,382100,0,4000,0
summary,object_queued_payload_4,16,382250,409100,0,80,120000,0
raw,object_queued_payload_64,16,0,620600,4000,0,4000
raw,object_queued_payload_64,16,1,573700,4000,0,4000
raw,object_queued_payload_64,16,2,616000,4000,0,4000
raw,object_queued_payload_64,16,3,617800,4000,0,4000
raw,object_queued_payload_64,16,4,587900,4000,0,4000
raw,object_queued_payload_64,16,5,629200,4000,0,4000
raw,object_queued_payload_64,16,6,751400,4000,0,4000
raw,object_queued_payload_64,16,7,571400,4000,0,4000
raw,object_queued_payload_64,16,8,564600,4000,0,4000
raw,object_queued_payload_64,16,9,568500,4000,0,4000
raw,object_queued_payload_64,16,10,576600,4000,0,4000
raw,object_queued_payload_64,16,11,568500,4000,0,4000
raw,object_queued_payload_64,16,12,565800,4000,0,4000
raw,object_queued_payload_64,16,13,573700,4000,0,4000
raw,object_queued_payload_64,16,14,565100,4000,0,4000
raw,object_queued_payload_64,16,15,577100,4000,0,4000
raw,object_queued_payload_64,16,16,566600,4000,0,4000
raw,object_queued_payload_64,16,17,580400,4000,0,4000
raw,object_queued_payload_64,16,18,565000,4000,0,4000
raw,object_queued_payload_64,16,19,587800,4000,0,4000
raw,object_queued_payload_64,16,20,565300,4000,0,4000
raw,object_queued_payload_64,16,21,575800,4000,0,4000
raw,object_queued_payload_64,16,22,570600,4000,0,4000
raw,object_queued_payload_64,16,23,594900,4000,0,4000
raw,object_queued_payload_64,16,24,560900,4000,0,4000
raw,object_queued_payload_64,16,25,573200,4000,0,4000
raw,object_queued_payload_64,16,26,560600,4000,0,4000
raw,object_queued_payload_64,16,27,573400,4000,0,4000
raw,object_queued_payload_64,16,28,564200,4000,0,4000
raw,object_queued_payload_64,16,29,585300,4000,0,4000
summary,object_queued_payload_64,16,573550,629200,120000,80,0,120000
raw,object_queued_payload_256,16,0,805600,4000,0,4000
raw,object_queued_payload_256,16,1,804800,4000,0,4000
raw,object_queued_payload_256,16,2,800400,4000,0,4000
raw,object_queued_payload_256,16,3,796700,4000,0,4000
raw,object_queued_payload_256,16,4,798200,4000,0,4000
raw,object_queued_payload_256,16,5,818500,4000,0,4000
raw,object_queued_payload_256,16,6,821100,4000,0,4000
raw,object_queued_payload_256,16,7,827000,4000,0,4000
raw,object_queued_payload_256,16,8,827100,4000,0,4000
raw,object_queued_payload_256,16,9,826000,4000,0,4000
raw,object_queued_payload_256,16,10,867800,4000,0,4000
raw,object_queued_payload_256,16,11,893200,4000,0,4000
raw,object_queued_payload_256,16,12,900200,4000,0,4000
raw,object_queued_payload_256,16,13,949300,4000,0,4000
raw,object_queued_payload_256,16,14,848000,4000,0,4000
raw,object_queued_payload_256,16,15,984200,4000,0,4000
raw,object_queued_payload_256,16,16,793500,4000,0,4000
raw,object_queued_payload_256,16,17,812000,4000,0,4000
raw,object_queued_payload_256,16,18,801400,4000,0,4000
raw,object_queued_payload_256,16,19,801400,4000,0,4000
raw,object_queued_payload_256,16,20,795300,4000,0,4000
raw,object_queued_payload_256,16,21,795500,4000,0,4000
raw,object_queued_payload_256,16,22,800000,4000,0,4000
raw,object_queued_payload_256,16,23,802200,4000,0,4000
raw,object_queued_payload_256,16,24,804500,4000,0,4000
raw,object_queued_payload_256,16,25,806400,4000,0,4000
raw,object_queued_payload_256,16,26,799200,4000,0,4000
raw,object_queued_payload_256,16,27,800800,4000,0,4000
raw,object_queued_payload_256,16,28,805800,4000,0,4000
raw,object_queued_payload_256,16,29,796500,4000,0,4000
summary,object_queued_payload_256,16,805200,949300,120000,80,0,120000
raw,object_queued_payload_1024,16,0,1716500,4000,0,4000
raw,object_queued_payload_1024,16,1,1613100,4000,0,4000
raw,object_queued_payload_1024,16,2,1599000,4000,0,4000
raw,object_queued_payload_1024,16,3,1604700,4000,0,4000
raw,object_queued_payload_1024,16,4,1678900,4000,0,4000
raw,object_queued_payload_1024,16,5,1622900,4000,0,4000
raw,object_queued_payload_1024,16,6,1581100,4000,0,4000
raw,object_queued_payload_1024,16,7,1615400,4000,0,4000
raw,object_queued_payload_1024,16,8,1593700,4000,0,4000
raw,object_queued_payload_1024,16,9,1614900,4000,0,4000
raw,object_queued_payload_1024,16,10,1623900,4000,0,4000
raw,object_queued_payload_1024,16,11,1726400,4000,0,4000
raw,object_queued_payload_1024,16,12,1761100,4000,0,4000
raw,object_queued_payload_1024,16,13,1728500,4000,0,4000
raw,object_queued_payload_1024,16,14,1692400,4000,0,4000
raw,object_queued_payload_1024,16,15,1645000,4000,0,4000
raw,object_queued_payload_1024,16,16,1729000,4000,0,4000
raw,object_queued_payload_1024,16,17,1632500,4000,0,4000
raw,object_queued_payload_1024,16,18,1637600,4000,0,4000
raw,object_queued_payload_1024,16,19,1615100,4000,0,4000
raw,object_queued_payload_1024,16,20,1604200,4000,0,4000
raw,object_queued_payload_1024,16,21,1670000,4000,0,4000
raw,object_queued_payload_1024,16,22,1627700,4000,0,4000
raw,object_queued_payload_1024,16,23,1582000,4000,0,4000
raw,object_queued_payload_1024,16,24,1542600,4000,0,4000
raw,object_queued_payload_1024,16,25,1610300,4000,0,4000
raw,object_queued_payload_1024,16,26,1640500,4000,0,4000
raw,object_queued_payload_1024,16,27,1672400,4000,0,4000
raw,object_queued_payload_1024,16,28,1820000,4000,0,4000
raw,object_queued_payload_1024,16,29,2139100,4000,0,4000
summary,object_queued_payload_1024,16,1630100,1820000,120000,80,0,120000
raw,dispatcher_post_contention,1,0,45900,250,0,250
raw,dispatcher_post_contention,1,1,47000,250,0,250
raw,dispatcher_post_contention,1,2,53700,250,0,250
raw,dispatcher_post_contention,1,3,45200,250,0,250
raw,dispatcher_post_contention,1,4,43700,250,0,250
raw,dispatcher_post_contention,1,5,55700,250,0,250
raw,dispatcher_post_contention,1,6,48000,250,0,250
raw,dispatcher_post_contention,1,7,51300,250,0,250
raw,dispatcher_post_contention,1,8,52700,250,0,250
raw,dispatcher_post_contention,1,9,45000,250,0,250
raw,dispatcher_post_contention,1,10,42900,250,0,250
raw,dispatcher_post_contention,1,11,44300,250,0,250
raw,dispatcher_post_contention,1,12,42100,250,0,250
raw,dispatcher_post_contention,1,13,48100,250,0,250
raw,dispatcher_post_contention,1,14,50000,250,0,250
raw,dispatcher_post_contention,1,15,52300,250,0,250
raw,dispatcher_post_contention,1,16,53300,250,0,250
raw,dispatcher_post_contention,1,17,48900,250,0,250
raw,dispatcher_post_contention,1,18,51300,250,0,250
raw,dispatcher_post_contention,1,19,52400,250,0,250
raw,dispatcher_post_contention,1,20,47500,250,0,250
raw,dispatcher_post_contention,1,21,50300,250,0,250
raw,dispatcher_post_contention,1,22,47100,250,0,250
raw,dispatcher_post_contention,1,23,44800,250,0,250
raw,dispatcher_post_contention,1,24,54300,250,0,250
raw,dispatcher_post_contention,1,25,53200,250,0,250
raw,dispatcher_post_contention,1,26,45600,250,0,250
raw,dispatcher_post_contention,1,27,42200,250,0,250
raw,dispatcher_post_contention,1,28,48900,250,0,250
raw,dispatcher_post_contention,1,29,46800,250,0,250
summary,dispatcher_post_contention,1,48050,54300,7500,0,0,7500
raw,dispatcher_post_contention,4,0,310000,1000,0,1000
raw,dispatcher_post_contention,4,1,285100,1000,0,1000
raw,dispatcher_post_contention,4,2,293500,1000,0,1000
raw,dispatcher_post_contention,4,3,276700,1000,0,1000
raw,dispatcher_post_contention,4,4,335800,1000,0,1000
raw,dispatcher_post_contention,4,5,286300,1000,0,1000
raw,dispatcher_post_contention,4,6,326300,1000,0,1000
raw,dispatcher_post_contention,4,7,299700,1000,0,1000
raw,dispatcher_post_contention,4,8,322300,1000,0,1000
raw,dispatcher_post_contention,4,9,275400,1000,0,1000
raw,dispatcher_post_contention,4,10,342300,1000,0,1000
raw,dispatcher_post_contention,4,11,256600,1000,0,1000
raw,dispatcher_post_contention,4,12,289700,1000,0,1000
raw,dispatcher_post_contention,4,13,280500,1000,0,1000
raw,dispatcher_post_contention,4,14,302900,1000,0,1000
raw,dispatcher_post_contention,4,15,268000,1000,0,1000
raw,dispatcher_post_contention,4,16,256800,1000,0,1000
raw,dispatcher_post_contention,4,17,281800,1000,0,1000
raw,dispatcher_post_contention,4,18,293100,1000,0,1000
raw,dispatcher_post_contention,4,19,452900,1000,0,1000
raw,dispatcher_post_contention,4,20,385600,1000,0,1000
raw,dispatcher_post_contention,4,21,375000,1000,0,1000
raw,dispatcher_post_contention,4,22,306500,1000,0,1000
raw,dispatcher_post_contention,4,23,273500,1000,0,1000
raw,dispatcher_post_contention,4,24,269600,1000,0,1000
raw,dispatcher_post_contention,4,25,291600,1000,0,1000
raw,dispatcher_post_contention,4,26,261800,1000,0,1000
raw,dispatcher_post_contention,4,27,315200,1000,0,1000
raw,dispatcher_post_contention,4,28,299500,1000,0,1000
raw,dispatcher_post_contention,4,29,316200,1000,0,1000
summary,dispatcher_post_contention,4,293300,385600,30000,0,0,30000
raw,object_churn,5000,0,550200,5000,0,0
raw,object_churn,5000,1,556200,5000,0,0
raw,object_churn,5000,2,554400,5000,0,0
raw,object_churn,5000,3,553200,5000,0,0
raw,object_churn,5000,4,551000,5000,0,0
raw,object_churn,5000,5,551100,5000,0,0
raw,object_churn,5000,6,546800,5000,0,0
raw,object_churn,5000,7,549900,5000,0,0
raw,object_churn,5000,8,551700,5000,0,0
raw,object_churn,5000,9,549600,5000,0,0
raw,object_churn,5000,10,552700,5000,0,0
raw,object_churn,5000,11,552900,5000,0,0
raw,object_churn,5000,12,561200,5000,0,0
raw,object_churn,5000,13,564300,5000,0,0
raw,object_churn,5000,14,563900,5000,0,0
raw,object_churn,5000,15,562000,5000,0,0
raw,object_churn,5000,16,550300,5000,0,0
raw,object_churn,5000,17,552900,5000,0,0
raw,object_churn,5000,18,561900,5000,0,0
raw,object_churn,5000,19,556200,5000,0,0
raw,object_churn,5000,20,562800,5000,0,0
raw,object_churn,5000,21,560700,5000,0,0
raw,object_churn,5000,22,568500,5000,0,0
raw,object_churn,5000,23,577000,5000,0,0
raw,object_churn,5000,24,561700,5000,0,0
raw,object_churn,5000,25,555800,5000,0,0
raw,object_churn,5000,26,552100,5000,0,0
raw,object_churn,5000,27,550800,5000,0,0
raw,object_churn,5000,28,551900,5000,0,0
raw,object_churn,5000,29,551300,5000,0,0
summary,object_churn,5000,553050,568500,150000,80,0,0
raw,object_reentrant,1,0,161200,0,0,0
raw,object_reentrant,1,1,168200,0,0,0
raw,object_reentrant,1,2,166700,0,0,0
raw,object_reentrant,1,3,162000,0,0,0
raw,object_reentrant,1,4,160400,0,0,0
raw,object_reentrant,1,5,161200,0,0,0
raw,object_reentrant,1,6,159900,0,0,0
raw,object_reentrant,1,7,151900,0,0,0
raw,object_reentrant,1,8,155400,0,0,0
raw,object_reentrant,1,9,154600,0,0,0
raw,object_reentrant,1,10,150400,0,0,0
raw,object_reentrant,1,11,152700,0,0,0
raw,object_reentrant,1,12,151100,0,0,0
raw,object_reentrant,1,13,182500,0,0,0
raw,object_reentrant,1,14,177800,0,0,0
raw,object_reentrant,1,15,159200,0,0,0
raw,object_reentrant,1,16,163200,0,0,0
raw,object_reentrant,1,17,164400,0,0,0
raw,object_reentrant,1,18,169800,0,0,0
raw,object_reentrant,1,19,172500,0,0,0
raw,object_reentrant,1,20,162500,0,0,0
raw,object_reentrant,1,21,162500,0,0,0
raw,object_reentrant,1,22,153300,0,0,0
raw,object_reentrant,1,23,154200,0,0,0
raw,object_reentrant,1,24,166200,0,0,0
raw,object_reentrant,1,25,172700,0,0,0
raw,object_reentrant,1,26,174900,0,0,0
raw,object_reentrant,1,27,170600,0,0,0
raw,object_reentrant,1,28,164800,0,0,0
raw,object_reentrant,1,29,167800,0,0,0
summary,object_reentrant,1,162500,177800,0,80,0,0
raw,listener_layout_a_churn,5000,0,3000,0,0,0
raw,listener_layout_a_churn,5000,1,2900,0,0,0
raw,listener_layout_a_churn,5000,2,3000,0,0,0
raw,listener_layout_a_churn,5000,3,2900,0,0,0
raw,listener_layout_a_churn,5000,4,2900,0,0,0
raw,listener_layout_a_churn,5000,5,2900,0,0,0
raw,listener_layout_a_churn,5000,6,2800,0,0,0
raw,listener_layout_a_churn,5000,7,2800,0,0,0
raw,listener_layout_a_churn,5000,8,2800,0,0,0
raw,listener_layout_a_churn,5000,9,2900,0,0,0
raw,listener_layout_a_churn,5000,10,2900,0,0,0
raw,listener_layout_a_churn,5000,11,2800,0,0,0
raw,listener_layout_a_churn,5000,12,2800,0,0,0
raw,listener_layout_a_churn,5000,13,2800,0,0,0
raw,listener_layout_a_churn,5000,14,2900,0,0,0
raw,listener_layout_a_churn,5000,15,2800,0,0,0
raw,listener_layout_a_churn,5000,16,2900,0,0,0
raw,listener_layout_a_churn,5000,17,2900,0,0,0
raw,listener_layout_a_churn,5000,18,2800,0,0,0
raw,listener_layout_a_churn,5000,19,2800,0,0,0
raw,listener_layout_a_churn,5000,20,2800,0,0,0
raw,listener_layout_a_churn,5000,21,2800,0,0,0
raw,listener_layout_a_churn,5000,22,2900,0,0,0
raw,listener_layout_a_churn,5000,23,2900,0,0,0
raw,listener_layout_a_churn,5000,24,2800,0,0,0
raw,listener_layout_a_churn,5000,25,2900,0,0,0
raw,listener_layout_a_churn,5000,26,2900,0,0,0
raw,listener_layout_a_churn,5000,27,2900,0,0,0
raw,listener_layout_a_churn,5000,28,2900,0,0,0
raw,listener_layout_a_churn,5000,29,2800,0,0,0
summary,listener_layout_a_churn,5000,2900,3000,0,24,0,0
raw,listener_layout_b_churn,5000,0,4800,0,0,0
raw,listener_layout_b_churn,5000,1,4700,0,0,0
raw,listener_layout_b_churn,5000,2,4600,0,0,0
raw,listener_layout_b_churn,5000,3,4700,0,0,0
raw,listener_layout_b_churn,5000,4,4700,0,0,0
raw,listener_layout_b_churn,5000,5,4700,0,0,0
raw,listener_layout_b_churn,5000,6,4700,0,0,0
raw,listener_layout_b_churn,5000,7,4600,0,0,0
raw,listener_layout_b_churn,5000,8,4700,0,0,0
raw,listener_layout_b_churn,5000,9,4700,0,0,0
raw,listener_layout_b_churn,5000,10,4700,0,0,0
raw,listener_layout_b_churn,5000,11,4700,0,0,0
raw,listener_layout_b_churn,5000,12,4700,0,0,0
raw,listener_layout_b_churn,5000,13,4600,0,0,0
raw,listener_layout_b_churn,5000,14,4600,0,0,0
raw,listener_layout_b_churn,5000,15,4600,0,0,0
raw,listener_layout_b_churn,5000,16,4700,0,0,0
raw,listener_layout_b_churn,5000,17,4700,0,0,0
raw,listener_layout_b_churn,5000,18,4600,0,0,0
raw,listener_layout_b_churn,5000,19,4700,0,0,0
raw,listener_layout_b_churn,5000,20,4600,0,0,0
raw,listener_layout_b_churn,5000,21,4600,0,0,0
raw,listener_layout_b_churn,5000,22,4700,0,0,0
raw,listener_layout_b_churn,5000,23,4800,0,0,0
raw,listener_layout_b_churn,5000,24,4600,0,0,0
raw,listener_layout_b_churn,5000,25,4700,0,0,0
raw,listener_layout_b_churn,5000,26,4600,0,0,0
raw,listener_layout_b_churn,5000,27,4600,0,0,0
raw,listener_layout_b_churn,5000,28,4800,0,0,0
raw,listener_layout_b_churn,5000,29,4700,0,0,0
summary,listener_layout_b_churn,5000,4700,4800,0,24,0,0
