kind,metric,size,sample,nanoseconds,allocations,retained_bytes,dispatch_calls,storage_lookups,visited_nodes
raw,world_section_dense_fixed3_open,100000,0,2700,1,0,0,0,0
raw,world_section_dense_fixed3_open,100000,1,2800,1,0,0,0,0
raw,world_section_dense_fixed3_open,100000,2,2800,1,0,0,0,0
raw,world_section_dense_fixed3_open,100000,3,2800,1,0,0,0,0
raw,world_section_dense_fixed3_open,100000,4,2600,1,0,0,0,0
raw,world_section_dense_fixed3_open,100000,5,4400,1,0,0,0,0
raw,world_section_dense_fixed3_open,100000,6,2900,1,0,0,0,0
raw,world_section_dense_fixed3_open,100000,7,5100,1,0,0,0,0
raw,world_section_dense_fixed3_open,100000,8,3900,1,0,0,0,0
raw,world_section_dense_fixed3_open,100000,9,3500,1,0,0,0,0
raw,world_section_dense_fixed3_open,100000,10,6800,1,0,0,0,0
raw,world_section_dense_fixed3_open,100000,11,4300,1,0,0,0,0
raw,world_section_dense_fixed3_open,100000,12,3200,1,0,0,0,0
raw,world_section_dense_fixed3_open,100000,13,4700,1,0,0,0,0
raw,world_section_dense_fixed3_open,100000,14,3300,1,0,0,0,0
raw,world_section_dense_fixed3_open,100000,15,2200,1,0,0,0,0
raw,world_section_dense_fixed3_open,100000,16,1900,1,0,0,0,0
raw,world_section_dense_fixed3_open,100000,17,1400,1,0,0,0,0
raw,world_section_dense_fixed3_open,100000,18,2400,1,0,0,0,0
raw,world_section_dense_fixed3_open,100000,19,2000,1,0,0,0,0
raw,world_section_dense_fixed3_open,100000,20,2300,1,0,0,0,0
raw,world_section_dense_fixed3_open,100000,21,2300,1,0,0,0,0
raw,world_section_dense_fixed3_open,100000,22,2500,1,0,0,0,0
raw,world_section_dense_fixed3_open,100000,23,4100,1,0,0,0,0
raw,world_section_dense_fixed3_open,100000,24,5100,1,0,0,0,0
raw,world_section_dense_fixed3_open,100000,25,3700,1,0,0,0,0
raw,world_section_dense_fixed3_open,100000,26,5200,1,0,0,0,0
raw,world_section_dense_fixed3_open,100000,27,5500,1,0,0,0,0
raw,world_section_dense_fixed3_open,100000,28,3900,1,0,0,0,0
raw,world_section_dense_fixed3_open,100000,29,4900,1,0,0,0,0
raw,world_section_dense_fixed3_preflight,100000,0,300,0,0,0,0,0
raw,world_section_dense_fixed3_preflight,100000,1,100,0,0,0,0,0
raw,world_section_dense_fixed3_preflight,100000,2,100,0,0,0,0,0
raw,world_section_dense_fixed3_preflight,100000,3,0,0,0,0,0,0
raw,world_section_dense_fixed3_preflight,100000,4,100,0,0,0,0,0
raw,world_section_dense_fixed3_preflight,100000,5,100,0,0,0,0,0
raw,world_section_dense_fixed3_preflight,100000,6,0,0,0,0,0,0
raw,world_section_dense_fixed3_preflight,100000,7,0,0,0,0,0,0
raw,world_section_dense_fixed3_preflight,100000,8,100,0,0,0,0,0
raw,world_section_dense_fixed3_preflight,100000,9,100,0,0,0,0,0
raw,world_section_dense_fixed3_preflight,100000,10,100,0,0,0,0,0
raw,world_section_dense_fixed3_preflight,100000,11,0,0,0,0,0,0
raw,world_section_dense_fixed3_preflight,100000,12,0,0,0,0,0,0
raw,world_section_dense_fixed3_preflight,100000,13,0,0,0,0,0,0
raw,world_section_dense_fixed3_preflight,100000,14,100,0,0,0,0,0
raw,world_section_dense_fixed3_preflight,100000,15,100,0,0,0,0,0
raw,world_section_dense_fixed3_preflight,100000,16,100,0,0,0,0,0
raw,world_section_dense_fixed3_preflight,100000,17,100,0,0,0,0,0
raw,world_section_dense_fixed3_preflight,100000,18,100,0,0,0,0,0
raw,world_section_dense_fixed3_preflight,100000,19,100,0,0,0,0,0
raw,world_section_dense_fixed3_preflight,100000,20,100,0,0,0,0,0
raw,world_section_dense_fixed3_preflight,100000,21,100,0,0,0,0,0
raw,world_section_dense_fixed3_preflight,100000,22,100,0,0,0,0,0
raw,world_section_dense_fixed3_preflight,100000,23,0,0,0,0,0,0
raw,world_section_dense_fixed3_preflight,100000,24,0,0,0,0,0,0
raw,world_section_dense_fixed3_preflight,100000,25,0,0,0,0,0,0
raw,world_section_dense_fixed3_preflight,100000,26,0,0,0,0,0,0
raw,world_section_dense_fixed3_preflight,100000,27,0,0,0,0,0,0
raw,world_section_dense_fixed3_preflight,100000,28,0,0,0,0,0,0
raw,world_section_dense_fixed3_preflight,100000,29,0,0,0,0,0,0
raw,world_section_dense_fixed3_entity_create,100000,0,1015900,65,0,0,0,0
raw,world_section_dense_fixed3_entity_create,100000,1,1013600,65,0,0,0,0
raw,world_section_dense_fixed3_entity_create,100000,2,1234300,65,0,0,0,0
raw,world_section_dense_fixed3_entity_create,100000,3,1326600,65,0,0,0,0
raw,world_section_dense_fixed3_entity_create,100000,4,1056600,65,0,0,0,0
raw,world_section_dense_fixed3_entity_create,100000,5,908800,65,0,0,0,0
raw,world_section_dense_fixed3_entity_create,100000,6,911100,65,0,0,0,0
raw,world_section_dense_fixed3_entity_create,100000,7,936700,65,0,0,0,0
raw,world_section_dense_fixed3_entity_create,100000,8,899100,65,0,0,0,0
raw,world_section_dense_fixed3_entity_create,100000,9,891000,65,0,0,0,0
raw,world_section_dense_fixed3_entity_create,100000,10,883000,65,0,0,0,0
raw,world_section_dense_fixed3_entity_create,100000,11,982700,65,0,0,0,0
raw,world_section_dense_fixed3_entity_create,100000,12,1222100,65,0,0,0,0
raw,world_section_dense_fixed3_entity_create,100000,13,1001700,65,0,0,0,0
raw,world_section_dense_fixed3_entity_create,100000,14,1033600,65,0,0,0,0
raw,world_section_dense_fixed3_entity_create,100000,15,881900,65,0,0,0,0
raw,world_section_dense_fixed3_entity_create,100000,16,972500,65,0,0,0,0
raw,world_section_dense_fixed3_entity_create,100000,17,1353100,65,0,0,0,0
raw,world_section_dense_fixed3_entity_create,100000,18,1390100,65,0,0,0,0
raw,world_section_dense_fixed3_entity_create,100000,19,1439300,65,0,0,0,0
raw,world_section_dense_fixed3_entity_create,100000,20,1441100,65,0,0,0,0
raw,world_section_dense_fixed3_entity_create,100000,21,1438800,65,0,0,0,0
raw,world_section_dense_fixed3_entity_create,100000,22,1392600,65,0,0,0,0
raw,world_section_dense_fixed3_entity_create,100000,23,1411500,65,0,0,0,0
raw,world_section_dense_fixed3_entity_create,100000,24,1166800,65,0,0,0,0
raw,world_section_dense_fixed3_entity_create,100000,25,1024000,65,0,0,0,0
raw,world_section_dense_fixed3_entity_create,100000,26,960800,65,0,0,0,0
raw,world_section_dense_fixed3_entity_create,100000,27,979000,65,0,0,0,0
raw,world_section_dense_fixed3_entity_create,100000,28,983100,65,0,0,0,0
raw,world_section_dense_fixed3_entity_create,100000,29,910300,65,0,0,0,0
raw,world_section_dense_fixed3_decode,100000,0,3468500,0,0,0,0,0
raw,world_section_dense_fixed3_decode,100000,1,3569600,0,0,0,0,0
raw,world_section_dense_fixed3_decode,100000,2,3841000,0,0,0,0,0
raw,world_section_dense_fixed3_decode,100000,3,3535700,0,0,0,0,0
raw,world_section_dense_fixed3_decode,100000,4,3336900,0,0,0,0,0
raw,world_section_dense_fixed3_decode,100000,5,3463900,0,0,0,0,0
raw,world_section_dense_fixed3_decode,100000,6,3502800,0,0,0,0,0
raw,world_section_dense_fixed3_decode,100000,7,3335000,0,0,0,0,0
raw,world_section_dense_fixed3_decode,100000,8,3335200,0,0,0,0,0
raw,world_section_dense_fixed3_decode,100000,9,3319700,0,0,0,0,0
raw,world_section_dense_fixed3_decode,100000,10,3328500,0,0,0,0,0
raw,world_section_dense_fixed3_decode,100000,11,3688200,0,0,0,0,0
raw,world_section_dense_fixed3_decode,100000,12,4018200,0,0,0,0,0
raw,world_section_dense_fixed3_decode,100000,13,3327500,0,0,0,0,0
raw,world_section_dense_fixed3_decode,100000,14,3317700,0,0,0,0,0
raw,world_section_dense_fixed3_decode,100000,15,3858000,0,0,0,0,0
raw,world_section_dense_fixed3_decode,100000,16,3752200,0,0,0,0,0
raw,world_section_dense_fixed3_decode,100000,17,4166100,0,0,0,0,0
raw,world_section_dense_fixed3_decode,100000,18,4326500,0,0,0,0,0
raw,world_section_dense_fixed3_decode,100000,19,4069700,0,0,0,0,0
raw,world_section_dense_fixed3_decode,100000,20,3414300,0,0,0,0,0
raw,world_section_dense_fixed3_decode,100000,21,3387300,0,0,0,0,0
raw,world_section_dense_fixed3_decode,100000,22,3397900,0,0,0,0,0
raw,world_section_dense_fixed3_decode,100000,23,3400700,0,0,0,0,0
raw,world_section_dense_fixed3_decode,100000,24,3331800,0,0,0,0,0
raw,world_section_dense_fixed3_decode,100000,25,3358600,0,0,0,0,0
raw,world_section_dense_fixed3_decode,100000,26,3309200,0,0,0,0,0
raw,world_section_dense_fixed3_decode,100000,27,3406300,0,0,0,0,0
raw,world_section_dense_fixed3_decode,100000,28,3573000,0,0,0,0,0
raw,world_section_dense_fixed3_decode,100000,29,3346900,0,0,0,0,0
raw,world_section_dense_fixed3_raw_entt_insert,100000,0,4711000,245,0,0,0,0
raw,world_section_dense_fixed3_raw_entt_insert,100000,1,3281500,245,0,0,0,0
raw,world_section_dense_fixed3_raw_entt_insert,100000,2,3030900,245,0,0,0,0
raw,world_section_dense_fixed3_raw_entt_insert,100000,3,3314800,245,0,0,0,0
raw,world_section_dense_fixed3_raw_entt_insert,100000,4,3468900,245,0,0,0,0
raw,world_section_dense_fixed3_raw_entt_insert,100000,5,3349500,245,0,0,0,0
raw,world_section_dense_fixed3_raw_entt_insert,100000,6,2998000,245,0,0,0,0
raw,world_section_dense_fixed3_raw_entt_insert,100000,7,3384900,245,0,0,0,0
raw,world_section_dense_fixed3_raw_entt_insert,100000,8,3588000,245,0,0,0,0
raw,world_section_dense_fixed3_raw_entt_insert,100000,9,3219100,245,0,0,0,0
raw,world_section_dense_fixed3_raw_entt_insert,100000,10,4204600,245,0,0,0,0
raw,world_section_dense_fixed3_raw_entt_insert,100000,11,3081200,245,0,0,0,0
raw,world_section_dense_fixed3_raw_entt_insert,100000,12,3320500,245,0,0,0,0
raw,world_section_dense_fixed3_raw_entt_insert,100000,13,3391000,245,0,0,0,0
raw,world_section_dense_fixed3_raw_entt_insert,100000,14,3550800,245,0,0,0,0
raw,world_section_dense_fixed3_raw_entt_insert,100000,15,3154600,245,0,0,0,0
raw,world_section_dense_fixed3_raw_entt_insert,100000,16,3225800,245,0,0,0,0
raw,world_section_dense_fixed3_raw_entt_insert,100000,17,3684100,245,0,0,0,0
raw,world_section_dense_fixed3_raw_entt_insert,100000,18,3661500,245,0,0,0,0
raw,world_section_dense_fixed3_raw_entt_insert,100000,19,3683000,245,0,0,0,0
raw,world_section_dense_fixed3_raw_entt_insert,100000,20,3442700,245,0,0,0,0
raw,world_section_dense_fixed3_raw_entt_insert,100000,21,3158900,245,0,0,0,0
raw,world_section_dense_fixed3_raw_entt_insert,100000,22,4507400,245,0,0,0,0
raw,world_section_dense_fixed3_raw_entt_insert,100000,23,3175000,245,0,0,0,0
raw,world_section_dense_fixed3_raw_entt_insert,100000,24,3026000,245,0,0,0,0
raw,world_section_dense_fixed3_raw_entt_insert,100000,25,3291800,245,0,0,0,0
raw,world_section_dense_fixed3_raw_entt_insert,100000,26,3089100,245,0,0,0,0
raw,world_section_dense_fixed3_raw_entt_insert,100000,27,3066000,245,0,0,0,0
raw,world_section_dense_fixed3_raw_entt_insert,100000,28,3092500,245,0,0,0,0
raw,world_section_dense_fixed3_raw_entt_insert,100000,29,3288000,245,0,0,0,0
raw,world_section_dense_fixed3_predecoded_fixed_insert,100000,0,3264000,202,0,0,0,0
raw,world_section_dense_fixed3_predecoded_fixed_insert,100000,1,3345400,202,0,0,0,0
raw,world_section_dense_fixed3_predecoded_fixed_insert,100000,2,3343200,202,0,0,0,0
raw,world_section_dense_fixed3_predecoded_fixed_insert,100000,3,3183700,202,0,0,0,0
raw,world_section_dense_fixed3_predecoded_fixed_insert,100000,4,3565600,202,0,0,0,0
raw,world_section_dense_fixed3_predecoded_fixed_insert,100000,5,3229000,202,0,0,0,0
raw,world_section_dense_fixed3_predecoded_fixed_insert,100000,6,3564400,202,0,0,0,0
raw,world_section_dense_fixed3_predecoded_fixed_insert,100000,7,3182800,202,0,0,0,0
raw,world_section_dense_fixed3_predecoded_fixed_insert,100000,8,3081200,202,0,0,0,0
raw,world_section_dense_fixed3_predecoded_fixed_insert,100000,9,3085400,202,0,0,0,0
raw,world_section_dense_fixed3_predecoded_fixed_insert,100000,10,4064400,202,0,0,0,0
raw,world_section_dense_fixed3_predecoded_fixed_insert,100000,11,3325900,202,0,0,0,0
raw,world_section_dense_fixed3_predecoded_fixed_insert,100000,12,3170200,202,0,0,0,0
raw,world_section_dense_fixed3_predecoded_fixed_insert,100000,13,3013700,202,0,0,0,0
raw,world_section_dense_fixed3_predecoded_fixed_insert,100000,14,3560900,202,0,0,0,0
raw,world_section_dense_fixed3_predecoded_fixed_insert,100000,15,3294400,202,0,0,0,0
raw,world_section_dense_fixed3_predecoded_fixed_insert,100000,16,3137300,202,0,0,0,0
raw,world_section_dense_fixed3_predecoded_fixed_insert,100000,17,3424800,202,0,0,0,0
raw,world_section_dense_fixed3_predecoded_fixed_insert,100000,18,3450300,202,0,0,0,0
raw,world_section_dense_fixed3_predecoded_fixed_insert,100000,19,3897200,202,0,0,0,0
raw,world_section_dense_fixed3_predecoded_fixed_insert,100000,20,3829100,202,0,0,0,0
raw,world_section_dense_fixed3_predecoded_fixed_insert,100000,21,3648700,202,0,0,0,0
raw,world_section_dense_fixed3_predecoded_fixed_insert,100000,22,3575100,202,0,0,0,0
raw,world_section_dense_fixed3_predecoded_fixed_insert,100000,23,4101600,202,0,0,0,0
raw,world_section_dense_fixed3_predecoded_fixed_insert,100000,24,3454500,202,0,0,0,0
raw,world_section_dense_fixed3_predecoded_fixed_insert,100000,25,3109600,202,0,0,0,0
raw,world_section_dense_fixed3_predecoded_fixed_insert,100000,26,2933900,202,0,0,0,0
raw,world_section_dense_fixed3_predecoded_fixed_insert,100000,27,3042100,202,0,0,0,0
raw,world_section_dense_fixed3_predecoded_fixed_insert,100000,28,3515700,202,0,0,0,0
raw,world_section_dense_fixed3_predecoded_fixed_insert,100000,29,3399500,202,0,0,0,0
raw,world_section_dense_fixed3_full_load,100000,0,19550100,411,0,3,3,0
raw,world_section_dense_fixed3_full_load,100000,1,19742400,411,0,3,3,0
raw,world_section_dense_fixed3_full_load,100000,2,19395100,411,0,3,3,0
raw,world_section_dense_fixed3_full_load,100000,3,19971300,411,0,3,3,0
raw,world_section_dense_fixed3_full_load,100000,4,20074600,411,0,3,3,0
raw,world_section_dense_fixed3_full_load,100000,5,19346000,411,0,3,3,0
raw,world_section_dense_fixed3_full_load,100000,6,20527900,411,0,3,3,0
raw,world_section_dense_fixed3_full_load,100000,7,20672400,411,0,3,3,0
raw,world_section_dense_fixed3_full_load,100000,8,20323600,411,0,3,3,0
raw,world_section_dense_fixed3_full_load,100000,9,20757600,411,0,3,3,0
raw,world_section_dense_fixed3_full_load,100000,10,20704600,411,0,3,3,0
raw,world_section_dense_fixed3_full_load,100000,11,20340500,411,0,3,3,0
raw,world_section_dense_fixed3_full_load,100000,12,19550900,411,0,3,3,0
raw,world_section_dense_fixed3_full_load,100000,13,20761100,411,0,3,3,0
raw,world_section_dense_fixed3_full_load,100000,14,19778200,411,0,3,3,0
raw,world_section_dense_fixed3_full_load,100000,15,22661100,411,0,3,3,0
raw,world_section_dense_fixed3_full_load,100000,16,21025100,411,0,3,3,0
raw,world_section_dense_fixed3_full_load,100000,17,19986600,411,0,3,3,0
raw,world_section_dense_fixed3_full_load,100000,18,20340500,411,0,3,3,0
raw,world_section_dense_fixed3_full_load,100000,19,21045900,411,0,3,3,0
raw,world_section_dense_fixed3_full_load,100000,20,19388400,411,0,3,3,0
raw,world_section_dense_fixed3_full_load,100000,21,19745100,411,0,3,3,0
raw,world_section_dense_fixed3_full_load,100000,22,19090200,411,0,3,3,0
raw,world_section_dense_fixed3_full_load,100000,23,19675700,411,0,3,3,0
raw,world_section_dense_fixed3_full_load,100000,24,20252600,411,0,3,3,0
raw,world_section_dense_fixed3_full_load,100000,25,18860000,411,0,3,3,0
raw,world_section_dense_fixed3_full_load,100000,26,20257700,411,0,3,3,0
raw,world_section_dense_fixed3_full_load,100000,27,19596400,411,0,3,3,0
raw,world_section_dense_fixed3_full_load,100000,28,20767300,411,0,3,3,0
raw,world_section_dense_fixed3_full_load,100000,29,21696600,411,0,3,3,0
raw,world_section_dense_fixed3_unload,100000,0,2755800,411,0,0,0,0
raw,world_section_dense_fixed3_unload,100000,1,2771800,411,0,0,0,0
raw,world_section_dense_fixed3_unload,100000,2,2982100,411,0,0,0,0
raw,world_section_dense_fixed3_unload,100000,3,2698600,411,0,0,0,0
raw,world_section_dense_fixed3_unload,100000,4,2942300,411,0,0,0,0
raw,world_section_dense_fixed3_unload,100000,5,2777800,411,0,0,0,0
raw,world_section_dense_fixed3_unload,100000,6,2668600,411,0,0,0,0
raw,world_section_dense_fixed3_unload,100000,7,2610200,411,0,0,0,0
raw,world_section_dense_fixed3_unload,100000,8,2659300,411,0,0,0,0
raw,world_section_dense_fixed3_unload,100000,9,3321200,411,0,0,0,0
raw,world_section_dense_fixed3_unload,100000,10,2998500,411,0,0,0,0
raw,world_section_dense_fixed3_unload,100000,11,2883400,411,0,0,0,0
raw,world_section_dense_fixed3_unload,100000,12,2731600,411,0,0,0,0
raw,world_section_dense_fixed3_unload,100000,13,2784400,411,0,0,0,0
raw,world_section_dense_fixed3_unload,100000,14,2681700,411,0,0,0,0
raw,world_section_dense_fixed3_unload,100000,15,2651600,411,0,0,0,0
raw,world_section_dense_fixed3_unload,100000,16,3120600,411,0,0,0,0
raw,world_section_dense_fixed3_unload,100000,17,2645000,411,0,0,0,0
raw,world_section_dense_fixed3_unload,100000,18,2731200,411,0,0,0,0
raw,world_section_dense_fixed3_unload,100000,19,2592100,411,0,0,0,0
raw,world_section_dense_fixed3_unload,100000,20,3166400,411,0,0,0,0
raw,world_section_dense_fixed3_unload,100000,21,4132700,411,0,0,0,0
raw,world_section_dense_fixed3_unload,100000,22,3183300,411,0,0,0,0
raw,world_section_dense_fixed3_unload,100000,23,3153000,411,0,0,0,0
raw,world_section_dense_fixed3_unload,100000,24,2870600,411,0,0,0,0
raw,world_section_dense_fixed3_unload,100000,25,3180700,411,0,0,0,0
raw,world_section_dense_fixed3_unload,100000,26,2602200,411,0,0,0,0
raw,world_section_dense_fixed3_unload,100000,27,3717200,411,0,0,0,0
raw,world_section_dense_fixed3_unload,100000,28,2986000,411,0,0,0,0
raw,world_section_dense_fixed3_unload,100000,29,2907300,411,0,0,0,0
raw,world_section_dense_fixed3_open,1000000,0,6200,1,0,0,0,0
raw,world_section_dense_fixed3_open,1000000,1,6300,1,0,0,0,0
raw,world_section_dense_fixed3_open,1000000,2,6700,1,0,0,0,0
raw,world_section_dense_fixed3_open,1000000,3,6200,1,0,0,0,0
raw,world_section_dense_fixed3_open,1000000,4,7500,1,0,0,0,0
raw,world_section_dense_fixed3_open,1000000,5,5400,1,0,0,0,0
raw,world_section_dense_fixed3_open,1000000,6,7700,1,0,0,0,0
raw,world_section_dense_fixed3_open,1000000,7,5500,1,0,0,0,0
raw,world_section_dense_fixed3_open,1000000,8,6500,1,0,0,0,0
raw,world_section_dense_fixed3_open,1000000,9,5500,1,0,0,0,0
raw,world_section_dense_fixed3_open,1000000,10,5600,1,0,0,0,0
raw,world_section_dense_fixed3_open,1000000,11,5900,1,0,0,0,0
raw,world_section_dense_fixed3_open,1000000,12,5800,1,0,0,0,0
raw,world_section_dense_fixed3_open,1000000,13,6000,1,0,0,0,0
raw,world_section_dense_fixed3_open,1000000,14,5900,1,0,0,0,0
raw,world_section_dense_fixed3_open,1000000,15,8000,1,0,0,0,0
raw,world_section_dense_fixed3_open,1000000,16,5700,1,0,0,0,0
raw,world_section_dense_fixed3_open,1000000,17,5900,1,0,0,0,0
raw,world_section_dense_fixed3_open,1000000,18,7700,1,0,0,0,0
raw,world_section_dense_fixed3_open,1000000,19,5600,1,0,0,0,0
raw,world_section_dense_fixed3_open,1000000,20,5200,1,0,0,0,0
raw,world_section_dense_fixed3_open,1000000,21,5800,1,0,0,0,0
raw,world_section_dense_fixed3_open,1000000,22,5200,1,0,0,0,0
raw,world_section_dense_fixed3_open,1000000,23,6400,1,0,0,0,0
raw,world_section_dense_fixed3_open,1000000,24,5800,1,0,0,0,0
raw,world_section_dense_fixed3_open,1000000,25,5100,1,0,0,0,0
raw,world_section_dense_fixed3_open,1000000,26,6800,1,0,0,0,0
raw,world_section_dense_fixed3_open,1000000,27,6800,1,0,0,0,0
raw,world_section_dense_fixed3_open,1000000,28,5000,1,0,0,0,0
raw,world_section_dense_fixed3_open,1000000,29,7600,1,0,0,0,0
raw,world_section_dense_fixed3_preflight,1000000,0,300,0,0,0,0,0
raw,world_section_dense_fixed3_preflight,1000000,1,100,0,0,0,0,0
raw,world_section_dense_fixed3_preflight,1000000,2,0,0,0,0,0,0
raw,world_section_dense_fixed3_preflight,1000000,3,0,0,0,0,0,0
raw,world_section_dense_fixed3_preflight,1000000,4,0,0,0,0,0,0
raw,world_section_dense_fixed3_preflight,1000000,5,0,0,0,0,0,0
raw,world_section_dense_fixed3_preflight,1000000,6,0,0,0,0,0,0
raw,world_section_dense_fixed3_preflight,1000000,7,0,0,0,0,0,0
raw,world_section_dense_fixed3_preflight,1000000,8,100,0,0,0,0,0
raw,world_section_dense_fixed3_preflight,1000000,9,100,0,0,0,0,0
raw,world_section_dense_fixed3_preflight,1000000,10,100,0,0,0,0,0
raw,world_section_dense_fixed3_preflight,1000000,11,100,0,0,0,0,0
raw,world_section_dense_fixed3_preflight,1000000,12,100,0,0,0,0,0
raw,world_section_dense_fixed3_preflight,1000000,13,100,0,0,0,0,0
raw,world_section_dense_fixed3_preflight,1000000,14,100,0,0,0,0,0
raw,world_section_dense_fixed3_preflight,1000000,15,100,0,0,0,0,0
raw,world_section_dense_fixed3_preflight,1000000,16,100,0,0,0,0,0
raw,world_section_dense_fixed3_preflight,1000000,17,100,0,0,0,0,0
raw,world_section_dense_fixed3_preflight,1000000,18,100,0,0,0,0,0
raw,world_section_dense_fixed3_preflight,1000000,19,100,0,0,0,0,0
raw,world_section_dense_fixed3_preflight,1000000,20,100,0,0,0,0,0
raw,world_section_dense_fixed3_preflight,1000000,21,100,0,0,0,0,0
raw,world_section_dense_fixed3_preflight,1000000,22,100,0,0,0,0,0
raw,world_section_dense_fixed3_preflight,1000000,23,100,0,0,0,0,0
raw,world_section_dense_fixed3_preflight,1000000,24,100,0,0,0,0,0
raw,world_section_dense_fixed3_preflight,1000000,25,0,0,0,0,0,0
raw,world_section_dense_fixed3_preflight,1000000,26,0,0,0,0,0,0
raw,world_section_dense_fixed3_preflight,1000000,27,0,0,0,0,0,0
raw,world_section_dense_fixed3_preflight,1000000,28,0,0,0,0,0,0
raw,world_section_dense_fixed3_preflight,1000000,29,0,0,0,0,0,0
raw,world_section_dense_fixed3_entity_create,1000000,0,8471400,296,0,0,0,0
raw,world_section_dense_fixed3_entity_create,1000000,1,8909100,296,0,0,0,0
raw,world_section_dense_fixed3_entity_create,1000000,2,8827800,296,0,0,0,0
raw,world_section_dense_fixed3_entity_create,1000000,3,8192500,296,0,0,0,0
raw,world_section_dense_fixed3_entity_create,1000000,4,8358600,296,0,0,0,0
raw,world_section_dense_fixed3_entity_create,1000000,5,8682800,296,0,0,0,0
raw,world_section_dense_fixed3_entity_create,1000000,6,8814500,296,0,0,0,0
raw,world_section_dense_fixed3_entity_create,1000000,7,8751000,296,0,0,0,0
raw,world_section_dense_fixed3_entity_create,1000000,8,9551800,296,0,0,0,0
raw,world_section_dense_fixed3_entity_create,1000000,9,8396400,296,0,0,0,0
raw,world_section_dense_fixed3_entity_create,1000000,10,8824500,296,0,0,0,0
raw,world_section_dense_fixed3_entity_create,1000000,11,8328700,296,0,0,0,0
raw,world_section_dense_fixed3_entity_create,1000000,12,9760700,296,0,0,0,0
raw,world_section_dense_fixed3_entity_create,1000000,13,9104900,296,0,0,0,0
raw,world_section_dense_fixed3_entity_create,1000000,14,8185700,296,0,0,0,0
raw,world_section_dense_fixed3_entity_create,1000000,15,8223900,296,0,0,0,0
raw,world_section_dense_fixed3_entity_create,1000000,16,8169400,296,0,0,0,0
raw,world_section_dense_fixed3_entity_create,1000000,17,7606700,296,0,0,0,0
raw,world_section_dense_fixed3_entity_create,1000000,18,7963300,296,0,0,0,0
raw,world_section_dense_fixed3_entity_create,1000000,19,7996300,296,0,0,0,0
raw,world_section_dense_fixed3_entity_create,1000000,20,9578000,296,0,0,0,0
raw,world_section_dense_fixed3_entity_create,1000000,21,9399200,296,0,0,0,0
raw,world_section_dense_fixed3_entity_create,1000000,22,9096900,296,0,0,0,0
raw,world_section_dense_fixed3_entity_create,1000000,23,7977900,296,0,0,0,0
raw,world_section_dense_fixed3_entity_create,1000000,24,8228600,296,0,0,0,0
raw,world_section_dense_fixed3_entity_create,1000000,25,7432500,296,0,0,0,0
raw,world_section_dense_fixed3_entity_create,1000000,26,8675600,296,0,0,0,0
raw,world_section_dense_fixed3_entity_create,1000000,27,8021800,296,0,0,0,0
raw,world_section_dense_fixed3_entity_create,1000000,28,8371600,296,0,0,0,0
raw,world_section_dense_fixed3_entity_create,1000000,29,8309100,296,0,0,0,0
raw,world_section_dense_fixed3_decode,1000000,0,40877000,0,0,0,0,0
raw,world_section_dense_fixed3_decode,1000000,1,40904100,0,0,0,0,0
raw,world_section_dense_fixed3_decode,1000000,2,40179800,0,0,0,0,0
raw,world_section_dense_fixed3_decode,1000000,3,39118300,0,0,0,0,0
raw,world_section_dense_fixed3_decode,1000000,4,38635200,0,0,0,0,0
raw,world_section_dense_fixed3_decode,1000000,5,36911500,0,0,0,0,0
raw,world_section_dense_fixed3_decode,1000000,6,39808600,0,0,0,0,0
raw,world_section_dense_fixed3_decode,1000000,7,37048800,0,0,0,0,0
raw,world_section_dense_fixed3_decode,1000000,8,41429100,0,0,0,0,0
raw,world_section_dense_fixed3_decode,1000000,9,40055500,0,0,0,0,0
raw,world_section_dense_fixed3_decode,1000000,10,39479600,0,0,0,0,0
raw,world_section_dense_fixed3_decode,1000000,11,38411300,0,0,0,0,0
raw,world_section_dense_fixed3_decode,1000000,12,42534500,0,0,0,0,0
raw,world_section_dense_fixed3_decode,1000000,13,40917800,0,0,0,0,0
raw,world_section_dense_fixed3_decode,1000000,14,38542500,0,0,0,0,0
raw,world_section_dense_fixed3_decode,1000000,15,36609900,0,0,0,0,0
raw,world_section_dense_fixed3_decode,1000000,16,38237600,0,0,0,0,0
raw,world_section_dense_fixed3_decode,1000000,17,35742100,0,0,0,0,0
raw,world_section_dense_fixed3_decode,1000000,18,39191300,0,0,0,0,0
raw,world_section_dense_fixed3_decode,1000000,19,38339400,0,0,0,0,0
raw,world_section_dense_fixed3_decode,1000000,20,38905900,0,0,0,0,0
raw,world_section_dense_fixed3_decode,1000000,21,38220700,0,0,0,0,0
raw,world_section_dense_fixed3_decode,1000000,22,40225600,0,0,0,0,0
raw,world_section_dense_fixed3_decode,1000000,23,35589700,0,0,0,0,0
raw,world_section_dense_fixed3_decode,1000000,24,39936000,0,0,0,0,0
raw,world_section_dense_fixed3_decode,1000000,25,39134200,0,0,0,0,0
raw,world_section_dense_fixed3_decode,1000000,26,36690400,0,0,0,0,0
raw,world_section_dense_fixed3_decode,1000000,27,38708900,0,0,0,0,0
raw,world_section_dense_fixed3_decode,1000000,28,38045300,0,0,0,0,0
raw,world_section_dense_fixed3_decode,1000000,29,39029900,0,0,0,0,0
raw,world_section_dense_fixed3_raw_entt_insert,1000000,0,33096800,1591,0,0,0,0
raw,world_section_dense_fixed3_raw_entt_insert,1000000,1,35241500,1591,0,0,0,0
raw,world_section_dense_fixed3_raw_entt_insert,1000000,2,35840900,1591,0,0,0,0
raw,world_section_dense_fixed3_raw_entt_insert,1000000,3,34981700,1591,0,0,0,0
raw,world_section_dense_fixed3_raw_entt_insert,1000000,4,34085100,1591,0,0,0,0
raw,world_section_dense_fixed3_raw_entt_insert,1000000,5,35588400,1591,0,0,0,0
raw,world_section_dense_fixed3_raw_entt_insert,1000000,6,28761300,1591,0,0,0,0
raw,world_section_dense_fixed3_raw_entt_insert,1000000,7,31914800,1591,0,0,0,0
raw,world_section_dense_fixed3_raw_entt_insert,1000000,8,35611600,1591,0,0,0,0
raw,world_section_dense_fixed3_raw_entt_insert,1000000,9,33365800,1591,0,0,0,0
raw,world_section_dense_fixed3_raw_entt_insert,1000000,10,37104400,1591,0,0,0,0
raw,world_section_dense_fixed3_raw_entt_insert,1000000,11,41027900,1591,0,0,0,0
raw,world_section_dense_fixed3_raw_entt_insert,1000000,12,38181800,1591,0,0,0,0
raw,world_section_dense_fixed3_raw_entt_insert,1000000,13,29891400,1591,0,0,0,0
raw,world_section_dense_fixed3_raw_entt_insert,1000000,14,27782400,1591,0,0,0,0
raw,world_section_dense_fixed3_raw_entt_insert,1000000,15,31833300,1591,0,0,0,0
raw,world_section_dense_fixed3_raw_entt_insert,1000000,16,32095200,1591,0,0,0,0
raw,world_section_dense_fixed3_raw_entt_insert,1000000,17,29790200,1591,0,0,0,0
raw,world_section_dense_fixed3_raw_entt_insert,1000000,18,31293100,1591,0,0,0,0
raw,world_section_dense_fixed3_raw_entt_insert,1000000,19,32605800,1591,0,0,0,0
raw,world_section_dense_fixed3_raw_entt_insert,1000000,20,28139700,1591,0,0,0,0
raw,world_section_dense_fixed3_raw_entt_insert,1000000,21,29622600,1591,0,0,0,0
raw,world_section_dense_fixed3_raw_entt_insert,1000000,22,29415600,1591,0,0,0,0
raw,world_section_dense_fixed3_raw_entt_insert,1000000,23,29219200,1591,0,0,0,0
raw,world_section_dense_fixed3_raw_entt_insert,1000000,24,31040500,1591,0,0,0,0
raw,world_section_dense_fixed3_raw_entt_insert,1000000,25,33894500,1591,0,0,0,0
raw,world_section_dense_fixed3_raw_entt_insert,1000000,26,36322700,1591,0,0,0,0
raw,world_section_dense_fixed3_raw_entt_insert,1000000,27,35644500,1591,0,0,0,0
raw,world_section_dense_fixed3_raw_entt_insert,1000000,28,32909000,1591,0,0,0,0
raw,world_section_dense_fixed3_raw_entt_insert,1000000,29,35884500,1591,0,0,0,0
raw,world_section_dense_fixed3_predecoded_fixed_insert,1000000,0,39572800,1538,0,0,0,0
raw,world_section_dense_fixed3_predecoded_fixed_insert,1000000,1,35002700,1538,0,0,0,0
raw,world_section_dense_fixed3_predecoded_fixed_insert,1000000,2,31112100,1538,0,0,0,0
raw,world_section_dense_fixed3_predecoded_fixed_insert,1000000,3,33124700,1538,0,0,0,0
raw,world_section_dense_fixed3_predecoded_fixed_insert,1000000,4,34959200,1538,0,0,0,0
raw,world_section_dense_fixed3_predecoded_fixed_insert,1000000,5,35193100,1538,0,0,0,0
raw,world_section_dense_fixed3_predecoded_fixed_insert,1000000,6,40563300,1538,0,0,0,0
raw,world_section_dense_fixed3_predecoded_fixed_insert,1000000,7,34690900,1538,0,0,0,0
raw,world_section_dense_fixed3_predecoded_fixed_insert,1000000,8,33112300,1538,0,0,0,0
raw,world_section_dense_fixed3_predecoded_fixed_insert,1000000,9,37920700,1538,0,0,0,0
raw,world_section_dense_fixed3_predecoded_fixed_insert,1000000,10,34265800,1538,0,0,0,0
raw,world_section_dense_fixed3_predecoded_fixed_insert,1000000,11,37050700,1538,0,0,0,0
raw,world_section_dense_fixed3_predecoded_fixed_insert,1000000,12,32757600,1538,0,0,0,0
raw,world_section_dense_fixed3_predecoded_fixed_insert,1000000,13,33825700,1538,0,0,0,0
raw,world_section_dense_fixed3_predecoded_fixed_insert,1000000,14,38977300,1538,0,0,0,0
raw,world_section_dense_fixed3_predecoded_fixed_insert,1000000,15,36501600,1538,0,0,0,0
raw,world_section_dense_fixed3_predecoded_fixed_insert,1000000,16,36917800,1538,0,0,0,0
raw,world_section_dense_fixed3_predecoded_fixed_insert,1000000,17,39871400,1538,0,0,0,0
raw,world_section_dense_fixed3_predecoded_fixed_insert,1000000,18,37963500,1538,0,0,0,0
raw,world_section_dense_fixed3_predecoded_fixed_insert,1000000,19,36434700,1538,0,0,0,0
raw,world_section_dense_fixed3_predecoded_fixed_insert,1000000,20,36075800,1538,0,0,0,0
raw,world_section_dense_fixed3_predecoded_fixed_insert,1000000,21,39979800,1538,0,0,0,0
raw,world_section_dense_fixed3_predecoded_fixed_insert,1000000,22,37696200,1538,0,0,0,0
raw,world_section_dense_fixed3_predecoded_fixed_insert,1000000,23,40026000,1538,0,0,0,0
raw,world_section_dense_fixed3_predecoded_fixed_insert,1000000,24,36283900,1538,0,0,0,0
raw,world_section_dense_fixed3_predecoded_fixed_insert,1000000,25,36530400,1538,0,0,0,0
raw,world_section_dense_fixed3_predecoded_fixed_insert,1000000,26,34964700,1538,0,0,0,0
raw,world_section_dense_fixed3_predecoded_fixed_insert,1000000,27,33303400,1538,0,0,0,0
raw,world_section_dense_fixed3_predecoded_fixed_insert,1000000,28,39572600,1538,0,0,0,0
raw,world_section_dense_fixed3_predecoded_fixed_insert,1000000,29,42200900,1538,0,0,0,0
raw,world_section_dense_fixed3_full_load,1000000,0,217292900,3726,0,3,3,0
raw,world_section_dense_fixed3_full_load,1000000,1,219084300,3726,0,3,3,0
raw,world_section_dense_fixed3_full_load,1000000,2,220239400,3726,0,3,3,0
raw,world_section_dense_fixed3_full_load,1000000,3,230714000,3726,0,3,3,0
raw,world_section_dense_fixed3_full_load,1000000,4,239049800,3726,0,3,3,0
raw,world_section_dense_fixed3_full_load,1000000,5,224656900,3726,0,3,3,0
raw,world_section_dense_fixed3_full_load,1000000,6,212922400,3726,0,3,3,0
raw,world_section_dense_fixed3_full_load,1000000,7,218577500,3726,0,3,3,0
raw,world_section_dense_fixed3_full_load,1000000,8,220066100,3726,0,3,3,0
raw,world_section_dense_fixed3_full_load,1000000,9,219561600,3726,0,3,3,0
raw,world_section_dense_fixed3_full_load,1000000,10,209186900,3726,0,3,3,0
raw,world_section_dense_fixed3_full_load,1000000,11,229419800,3726,0,3,3,0
raw,world_section_dense_fixed3_full_load,1000000,12,210399000,3726,0,3,3,0
raw,world_section_dense_fixed3_full_load,1000000,13,212785000,3726,0,3,3,0
raw,world_section_dense_fixed3_full_load,1000000,14,215489100,3726,0,3,3,0
raw,world_section_dense_fixed3_full_load,1000000,15,207561100,3726,0,3,3,0
raw,world_section_dense_fixed3_full_load,1000000,16,213355000,3726,0,3,3,0
raw,world_section_dense_fixed3_full_load,1000000,17,216069600,3726,0,3,3,0
raw,world_section_dense_fixed3_full_load,1000000,18,214297900,3726,0,3,3,0
raw,world_section_dense_fixed3_full_load,1000000,19,222922700,3726,0,3,3,0
raw,world_section_dense_fixed3_full_load,1000000,20,214502800,3726,0,3,3,0
raw,world_section_dense_fixed3_full_load,1000000,21,204104500,3726,0,3,3,0
raw,world_section_dense_fixed3_full_load,1000000,22,219276700,3726,0,3,3,0
raw,world_section_dense_fixed3_full_load,1000000,23,210564500,3726,0,3,3,0
raw,world_section_dense_fixed3_full_load,1000000,24,219791900,3726,0,3,3,0
raw,world_section_dense_fixed3_full_load,1000000,25,210770900,3726,0,3,3,0
raw,world_section_dense_fixed3_full_load,1000000,26,206754500,3726,0,3,3,0
raw,world_section_dense_fixed3_full_load,1000000,27,222796900,3726,0,3,3,0
raw,world_section_dense_fixed3_full_load,1000000,28,219919000,3726,0,3,3,0
raw,world_section_dense_fixed3_full_load,1000000,29,211720500,3726,0,3,3,0
raw,world_section_dense_fixed3_unload,1000000,0,31110500,3726,0,0,0,0
raw,world_section_dense_fixed3_unload,1000000,1,32516200,3726,0,0,0,0
raw,world_section_dense_fixed3_unload,1000000,2,34664400,3726,0,0,0,0
raw,world_section_dense_fixed3_unload,1000000,3,34310900,3726,0,0,0,0
raw,world_section_dense_fixed3_unload,1000000,4,41695000,3726,0,0,0,0
raw,world_section_dense_fixed3_unload,1000000,5,40824400,3726,0,0,0,0
raw,world_section_dense_fixed3_unload,1000000,6,34810900,3726,0,0,0,0
raw,world_section_dense_fixed3_unload,1000000,7,34429700,3726,0,0,0,0
raw,world_section_dense_fixed3_unload,1000000,8,35544000,3726,0,0,0,0
raw,world_section_dense_fixed3_unload,1000000,9,38849400,3726,0,0,0,0
raw,world_section_dense_fixed3_unload,1000000,10,34598900,3726,0,0,0,0
raw,world_section_dense_fixed3_unload,1000000,11,34935700,3726,0,0,0,0
raw,world_section_dense_fixed3_unload,1000000,12,34548100,3726,0,0,0,0
raw,world_section_dense_fixed3_unload,1000000,13,39100700,3726,0,0,0,0
raw,world_section_dense_fixed3_unload,1000000,14,28985300,3726,0,0,0,0
raw,world_section_dense_fixed3_unload,1000000,15,30195400,3726,0,0,0,0
raw,world_section_dense_fixed3_unload,1000000,16,36062600,3726,0,0,0,0
raw,world_section_dense_fixed3_unload,1000000,17,31805300,3726,0,0,0,0
raw,world_section_dense_fixed3_unload,1000000,18,36496200,3726,0,0,0,0
raw,world_section_dense_fixed3_unload,1000000,19,39400400,3726,0,0,0,0
raw,world_section_dense_fixed3_unload,1000000,20,31864300,3726,0,0,0,0
raw,world_section_dense_fixed3_unload,1000000,21,32165100,3726,0,0,0,0
raw,world_section_dense_fixed3_unload,1000000,22,36950200,3726,0,0,0,0
raw,world_section_dense_fixed3_unload,1000000,23,27955800,3726,0,0,0,0
raw,world_section_dense_fixed3_unload,1000000,24,32282600,3726,0,0,0,0
raw,world_section_dense_fixed3_unload,1000000,25,35045300,3726,0,0,0,0
raw,world_section_dense_fixed3_unload,1000000,26,33579500,3726,0,0,0,0
raw,world_section_dense_fixed3_unload,1000000,27,33639100,3726,0,0,0,0
raw,world_section_dense_fixed3_unload,1000000,28,29242300,3726,0,0,0,0
raw,world_section_dense_fixed3_unload,1000000,29,32019900,3726,0,0,0,0
raw,world_section_columns_3_full_load,100000,0,17548400,411,0,3,3,0
raw,world_section_columns_3_full_load,100000,1,19334900,411,0,3,3,0
raw,world_section_columns_3_full_load,100000,2,17693400,411,0,3,3,0
raw,world_section_columns_3_full_load,100000,3,19460100,411,0,3,3,0
raw,world_section_columns_3_full_load,100000,4,17697200,411,0,3,3,0
raw,world_section_columns_3_full_load,100000,5,18873600,411,0,3,3,0
raw,world_section_columns_3_full_load,100000,6,18471900,411,0,3,3,0
raw,world_section_columns_3_full_load,100000,7,15968300,411,0,3,3,0
raw,world_section_columns_3_full_load,100000,8,15749300,411,0,3,3,0
raw,world_section_columns_3_full_load,100000,9,19951800,411,0,3,3,0
raw,world_section_columns_3_full_load,100000,10,20896600,411,0,3,3,0
raw,world_section_columns_3_full_load,100000,11,17089900,411,0,3,3,0
raw,world_section_columns_3_full_load,100000,12,19067700,411,0,3,3,0
raw,world_section_columns_3_full_load,100000,13,18251200,411,0,3,3,0
raw,world_section_columns_3_full_load,100000,14,19852200,411,0,3,3,0
raw,world_section_columns_3_full_load,100000,15,20241300,411,0,3,3,0
raw,world_section_columns_3_full_load,100000,16,18573000,411,0,3,3,0
raw,world_section_columns_3_full_load,100000,17,17745500,411,0,3,3,0
raw,world_section_columns_3_full_load,100000,18,17272000,411,0,3,3,0
raw,world_section_columns_3_full_load,100000,19,16251700,411,0,3,3,0
raw,world_section_columns_3_full_load,100000,20,18061700,411,0,3,3,0
raw,world_section_columns_3_full_load,100000,21,15477500,411,0,3,3,0
raw,world_section_columns_3_full_load,100000,22,18839800,411,0,3,3,0
raw,world_section_columns_3_full_load,100000,23,18214600,411,0,3,3,0
raw,world_section_columns_3_full_load,100000,24,17237400,411,0,3,3,0
raw,world_section_columns_3_full_load,100000,25,16624900,411,0,3,3,0
raw,world_section_columns_3_full_load,100000,26,18174500,411,0,3,3,0
raw,world_section_columns_3_full_load,100000,27,17646200,411,0,3,3,0
raw,world_section_columns_3_full_load,100000,28,17163800,411,0,3,3,0
raw,world_section_columns_3_full_load,100000,29,18374900,411,0,3,3,0
raw,world_section_columns_16_full_load,100000,0,101954600,2186,0,16,16,0
raw,world_section_columns_16_full_load,100000,1,100422300,2186,0,16,16,0
raw,world_section_columns_16_full_load,100000,2,97230500,2186,0,16,16,0
raw,world_section_columns_16_full_load,100000,3,97517200,2186,0,16,16,0
raw,world_section_columns_16_full_load,100000,4,99686300,2186,0,16,16,0
raw,world_section_columns_16_full_load,100000,5,107236400,2186,0,16,16,0
raw,world_section_columns_16_full_load,100000,6,102139000,2186,0,16,16,0
raw,world_section_columns_16_full_load,100000,7,98811400,2186,0,16,16,0
raw,world_section_columns_16_full_load,100000,8,107448400,2186,0,16,16,0
raw,world_section_columns_16_full_load,100000,9,107546200,2186,0,16,16,0
raw,world_section_columns_16_full_load,100000,10,99654900,2186,0,16,16,0
raw,world_section_columns_16_full_load,100000,11,95361900,2186,0,16,16,0
raw,world_section_columns_16_full_load,100000,12,103542700,2186,0,16,16,0
raw,world_section_columns_16_full_load,100000,13,100146400,2186,0,16,16,0
raw,world_section_columns_16_full_load,100000,14,96529100,2186,0,16,16,0
raw,world_section_columns_16_full_load,100000,15,100608300,2186,0,16,16,0
raw,world_section_columns_16_full_load,100000,16,95643500,2186,0,16,16,0
raw,world_section_columns_16_full_load,100000,17,96240000,2186,0,16,16,0
raw,world_section_columns_16_full_load,100000,18,103511800,2186,0,16,16,0
raw,world_section_columns_16_full_load,100000,19,100765000,2186,0,16,16,0
raw,world_section_columns_16_full_load,100000,20,107292800,2186,0,16,16,0
raw,world_section_columns_16_full_load,100000,21,104524900,2186,0,16,16,0
raw,world_section_columns_16_full_load,100000,22,102223900,2186,0,16,16,0
raw,world_section_columns_16_full_load,100000,23,101349400,2186,0,16,16,0
raw,world_section_columns_16_full_load,100000,24,101948900,2186,0,16,16,0
raw,world_section_columns_16_full_load,100000,25,108131200,2186,0,16,16,0
raw,world_section_columns_16_full_load,100000,26,106246200,2186,0,16,16,0
raw,world_section_columns_16_full_load,100000,27,102822100,2186,0,16,16,0
raw,world_section_columns_16_full_load,100000,28,103028300,2186,0,16,16,0
raw,world_section_columns_16_full_load,100000,29,107057700,2186,0,16,16,0
raw,world_section_columns_64_full_load,100000,0,404755000,8720,0,64,64,0
raw,world_section_columns_64_full_load,100000,1,385460400,8720,0,64,64,0
raw,world_section_columns_64_full_load,100000,2,417254300,8720,0,64,64,0
raw,world_section_columns_64_full_load,100000,3,421918200,8720,0,64,64,0
raw,world_section_columns_64_full_load,100000,4,428639800,8720,0,64,64,0
raw,world_section_columns_64_full_load,100000,5,404268100,8720,0,64,64,0
raw,world_section_columns_64_full_load,100000,6,390571400,8720,0,64,64,0
raw,world_section_columns_64_full_load,100000,7,395069400,8720,0,64,64,0
raw,world_section_columns_64_full_load,100000,8,416455400,8720,0,64,64,0
raw,world_section_columns_64_full_load,100000,9,414893000,8720,0,64,64,0
raw,world_section_columns_64_full_load,100000,10,402725100,8720,0,64,64,0
raw,world_section_columns_64_full_load,100000,11,417307600,8720,0,64,64,0
raw,world_section_columns_64_full_load,100000,12,385270200,8720,0,64,64,0
raw,world_section_columns_64_full_load,100000,13,398033900,8720,0,64,64,0
raw,world_section_columns_64_full_load,100000,14,393717300,8720,0,64,64,0
raw,world_section_columns_64_full_load,100000,15,403399200,8720,0,64,64,0
raw,world_section_columns_64_full_load,100000,16,391583600,8720,0,64,64,0
raw,world_section_columns_64_full_load,100000,17,398519100,8720,0,64,64,0
raw,world_section_columns_64_full_load,100000,18,409392900,8720,0,64,64,0
raw,world_section_columns_64_full_load,100000,19,384879900,8720,0,64,64,0
raw,world_section_columns_64_full_load,100000,20,415282400,8720,0,64,64,0
raw,world_section_columns_64_full_load,100000,21,410847100,8720,0,64,64,0
raw,world_section_columns_64_full_load,100000,22,410953300,8720,0,64,64,0
raw,world_section_columns_64_full_load,100000,23,400598200,8720,0,64,64,0
raw,world_section_columns_64_full_load,100000,24,394729200,8720,0,64,64,0
raw,world_section_columns_64_full_load,100000,25,399021000,8720,0,64,64,0
raw,world_section_columns_64_full_load,100000,26,405292400,8720,0,64,64,0
raw,world_section_columns_64_full_load,100000,27,401002600,8720,0,64,64,0
raw,world_section_columns_64_full_load,100000,28,401299900,8720,0,64,64,0
raw,world_section_columns_64_full_load,100000,29,417606100,8720,0,64,64,0
raw,world_section_density_1_full_load,1000000,0,71261800,4394,0,16,16,0
raw,world_section_density_1_full_load,1000000,1,80137400,4394,0,16,16,0
raw,world_section_density_1_full_load,1000000,2,70014600,4394,0,16,16,0
raw,world_section_density_1_full_load,1000000,3,76688500,4394,0,16,16,0
raw,world_section_density_1_full_load,1000000,4,80832200,4394,0,16,16,0
raw,world_section_density_1_full_load,1000000,5,83548900,4394,0,16,16,0
raw,world_section_density_1_full_load,1000000,6,73003200,4394,0,16,16,0
raw,world_section_density_1_full_load,1000000,7,67820900,4394,0,16,16,0
raw,world_section_density_1_full_load,1000000,8,71959500,4394,0,16,16,0
raw,world_section_density_1_full_load,1000000,9,81554900,4394,0,16,16,0
raw,world_section_density_1_full_load,1000000,10,73708400,4394,0,16,16,0
raw,world_section_density_1_full_load,1000000,11,71977000,4394,0,16,16,0
raw,world_section_density_1_full_load,1000000,12,76926800,4394,0,16,16,0
raw,world_section_density_1_full_load,1000000,13,69159800,4394,0,16,16,0
raw,world_section_density_1_full_load,1000000,14,81474200,4394,0,16,16,0
raw,world_section_density_1_full_load,1000000,15,71263900,4394,0,16,16,0
raw,world_section_density_1_full_load,1000000,16,76462400,4394,0,16,16,0
raw,world_section_density_1_full_load,1000000,17,74089100,4394,0,16,16,0
raw,world_section_density_1_full_load,1000000,18,74289100,4394,0,16,16,0
raw,world_section_density_1_full_load,1000000,19,74824000,4394,0,16,16,0
raw,world_section_density_1_full_load,1000000,20,69250800,4394,0,16,16,0
raw,world_section_density_1_full_load,1000000,21,64479200,4394,0,16,16,0
raw,world_section_density_1_full_load,1000000,22,74987200,4394,0,16,16,0
raw,world_section_density_1_full_load,1000000,23,74047100,4394,0,16,16,0
raw,world_section_density_1_full_load,1000000,24,77909400,4394,0,16,16,0
raw,world_section_density_1_full_load,1000000,25,82944100,4394,0,16,16,0
raw,world_section_density_1_full_load,1000000,26,78126400,4394,0,16,16,0
raw,world_section_density_1_full_load,1000000,27,69353900,4394,0,16,16,0
raw,world_section_density_1_full_load,1000000,28,73720400,4394,0,16,16,0
raw,world_section_density_1_full_load,1000000,29,68172900,4394,0,16,16,0
raw,world_section_density_10_full_load,1000000,0,178623900,5802,0,16,16,0
raw,world_section_density_10_full_load,1000000,1,174064700,5802,0,16,16,0
raw,world_section_density_10_full_load,1000000,2,188440000,5802,0,16,16,0
raw,world_section_density_10_full_load,1000000,3,168762900,5802,0,16,16,0
raw,world_section_density_10_full_load,1000000,4,180555900,5802,0,16,16,0
raw,world_section_density_10_full_load,1000000,5,182747100,5802,0,16,16,0
raw,world_section_density_10_full_load,1000000,6,181344600,5802,0,16,16,0
raw,world_section_density_10_full_load,1000000,7,188663700,5802,0,16,16,0
raw,world_section_density_10_full_load,1000000,8,183384900,5802,0,16,16,0
raw,world_section_density_10_full_load,1000000,9,188979200,5802,0,16,16,0
raw,world_section_density_10_full_load,1000000,10,192037400,5802,0,16,16,0
raw,world_section_density_10_full_load,1000000,11,183352000,5802,0,16,16,0
raw,world_section_density_10_full_load,1000000,12,180521700,5802,0,16,16,0
raw,world_section_density_10_full_load,1000000,13,186169400,5802,0,16,16,0
raw,world_section_density_10_full_load,1000000,14,198719400,5802,0,16,16,0
raw,world_section_density_10_full_load,1000000,15,179943300,5802,0,16,16,0
raw,world_section_density_10_full_load,1000000,16,186227800,5802,0,16,16,0
raw,world_section_density_10_full_load,1000000,17,190561500,5802,0,16,16,0
raw,world_section_density_10_full_load,1000000,18,182795400,5802,0,16,16,0
raw,world_section_density_10_full_load,1000000,19,183733200,5802,0,16,16,0
raw,world_section_density_10_full_load,1000000,20,178194100,5802,0,16,16,0
raw,world_section_density_10_full_load,1000000,21,174995800,5802,0,16,16,0
raw,world_section_density_10_full_load,1000000,22,175515000,5802,0,16,16,0
raw,world_section_density_10_full_load,1000000,23,177230100,5802,0,16,16,0
raw,world_section_density_10_full_load,1000000,24,188814300,5802,0,16,16,0
raw,world_section_density_10_full_load,1000000,25,187143900,5802,0,16,16,0
raw,world_section_density_10_full_load,1000000,26,186505800,5802,0,16,16,0
raw,world_section_density_10_full_load,1000000,27,186100000,5802,0,16,16,0
raw,world_section_density_10_full_load,1000000,28,193086500,5802,0,16,16,0
raw,world_section_density_10_full_load,1000000,29,191123700,5802,0,16,16,0
raw,world_section_density_50_full_load,1000000,0,655362700,12058,0,16,16,0
raw,world_section_density_50_full_load,1000000,1,670262400,12058,0,16,16,0
raw,world_section_density_50_full_load,1000000,2,664800600,12058,0,16,16,0
raw,world_section_density_50_full_load,1000000,3,659260400,12058,0,16,16,0
raw,world_section_density_50_full_load,1000000,4,677025400,12058,0,16,16,0
raw,world_section_density_50_full_load,1000000,5,672144200,12058,0,16,16,0
raw,world_section_density_50_full_load,1000000,6,657832900,12058,0,16,16,0
raw,world_section_density_50_full_load,1000000,7,658246600,12058,0,16,16,0
raw,world_section_density_50_full_load,1000000,8,640289600,12058,0,16,16,0
raw,world_section_density_50_full_load,1000000,9,670882600,12058,0,16,16,0
raw,world_section_density_50_full_load,1000000,10,663791400,12058,0,16,16,0
raw,world_section_density_50_full_load,1000000,11,657415900,12058,0,16,16,0
raw,world_section_density_50_full_load,1000000,12,663912400,12058,0,16,16,0
raw,world_section_density_50_full_load,1000000,13,659606600,12058,0,16,16,0
raw,world_section_density_50_full_load,1000000,14,648481800,12058,0,16,16,0
raw,world_section_density_50_full_load,1000000,15,596876700,12058,0,16,16,0
raw,world_section_density_50_full_load,1000000,16,665564100,12058,0,16,16,0
raw,world_section_density_50_full_load,1000000,17,724775900,12058,0,16,16,0
raw,world_section_density_50_full_load,1000000,18,668678400,12058,0,16,16,0
raw,world_section_density_50_full_load,1000000,19,682646100,12058,0,16,16,0
raw,world_section_density_50_full_load,1000000,20,681802600,12058,0,16,16,0
raw,world_section_density_50_full_load,1000000,21,687195700,12058,0,16,16,0
raw,world_section_density_50_full_load,1000000,22,653912000,12058,0,16,16,0
raw,world_section_density_50_full_load,1000000,23,670403800,12058,0,16,16,0
raw,world_section_density_50_full_load,1000000,24,673304100,12058,0,16,16,0
raw,world_section_density_50_full_load,1000000,25,679003100,12058,0,16,16,0
raw,world_section_density_50_full_load,1000000,26,670444000,12058,0,16,16,0
raw,world_section_density_50_full_load,1000000,27,664632200,12058,0,16,16,0
raw,world_section_density_50_full_load,1000000,28,650770700,12058,0,16,16,0
raw,world_section_density_50_full_load,1000000,29,665936300,12058,0,16,16,0
raw,world_section_density_100_full_load,1000000,0,1065644900,19866,0,16,16,0
raw,world_section_density_100_full_load,1000000,1,1068613000,19866,0,16,16,0
raw,world_section_density_100_full_load,1000000,2,1047092200,19866,0,16,16,0
raw,world_section_density_100_full_load,1000000,3,1044728400,19866,0,16,16,0
raw,world_section_density_100_full_load,1000000,4,1014178300,19866,0,16,16,0
raw,world_section_density_100_full_load,1000000,5,1038352200,19866,0,16,16,0
raw,world_section_density_100_full_load,1000000,6,1021232400,19866,0,16,16,0
raw,world_section_density_100_full_load,1000000,7,1033816800,19866,0,16,16,0
raw,world_section_density_100_full_load,1000000,8,1072543400,19866,0,16,16,0
raw,world_section_density_100_full_load,1000000,9,1040947400,19866,0,16,16,0
raw,world_section_density_100_full_load,1000000,10,1087973100,19866,0,16,16,0
raw,world_section_density_100_full_load,1000000,11,1041793900,19866,0,16,16,0
raw,world_section_density_100_full_load,1000000,12,1046092200,19866,0,16,16,0
raw,world_section_density_100_full_load,1000000,13,1065280900,19866,0,16,16,0
raw,world_section_density_100_full_load,1000000,14,1073257000,19866,0,16,16,0
raw,world_section_density_100_full_load,1000000,15,1062586800,19866,0,16,16,0
raw,world_section_density_100_full_load,1000000,16,1053640300,19866,0,16,16,0
raw,world_section_density_100_full_load,1000000,17,1047273800,19866,0,16,16,0
raw,world_section_density_100_full_load,1000000,18,1060500700,19866,0,16,16,0
raw,world_section_density_100_full_load,1000000,19,1080028600,19866,0,16,16,0
raw,world_section_density_100_full_load,1000000,20,1076952200,19866,0,16,16,0
raw,world_section_density_100_full_load,1000000,21,1084410500,19866,0,16,16,0
raw,world_section_density_100_full_load,1000000,22,1088854100,19866,0,16,16,0
raw,world_section_density_100_full_load,1000000,23,1051851200,19866,0,16,16,0
raw,world_section_density_100_full_load,1000000,24,1061089700,19866,0,16,16,0
raw,world_section_density_100_full_load,1000000,25,1023934600,19866,0,16,16,0
raw,world_section_density_100_full_load,1000000,26,1045162300,19866,0,16,16,0
raw,world_section_density_100_full_load,1000000,27,1039985200,19866,0,16,16,0
raw,world_section_density_100_full_load,1000000,28,1046187400,19866,0,16,16,0
raw,world_section_density_100_full_load,1000000,29,1081893200,19866,0,16,16,0
raw,world_section_payload_tag_full_load,100000,0,4173500,177,0,1,1,0
raw,world_section_payload_tag_full_load,100000,1,3986200,177,0,1,1,0
raw,world_section_payload_tag_full_load,100000,2,3340100,177,0,1,1,0
raw,world_section_payload_tag_full_load,100000,3,2873300,177,0,1,1,0
raw,world_section_payload_tag_full_load,100000,4,3064500,177,0,1,1,0
raw,world_section_payload_tag_full_load,100000,5,4435400,177,0,1,1,0
raw,world_section_payload_tag_full_load,100000,6,2983800,177,0,1,1,0
raw,world_section_payload_tag_full_load,100000,7,2944800,177,0,1,1,0
raw,world_section_payload_tag_full_load,100000,8,3003400,177,0,1,1,0
raw,world_section_payload_tag_full_load,100000,9,3038000,177,0,1,1,0
raw,world_section_payload_tag_full_load,100000,10,2945300,177,0,1,1,0
raw,world_section_payload_tag_full_load,100000,11,2890400,177,0,1,1,0
raw,world_section_payload_tag_full_load,100000,12,2733600,177,0,1,1,0
raw,world_section_payload_tag_full_load,100000,13,3400500,177,0,1,1,0
raw,world_section_payload_tag_full_load,100000,14,4184400,177,0,1,1,0
raw,world_section_payload_tag_full_load,100000,15,4206100,177,0,1,1,0
raw,world_section_payload_tag_full_load,100000,16,4695100,177,0,1,1,0
raw,world_section_payload_tag_full_load,100000,17,2998900,177,0,1,1,0
raw,world_section_payload_tag_full_load,100000,18,2751000,177,0,1,1,0
raw,world_section_payload_tag_full_load,100000,19,2676100,177,0,1,1,0
raw,world_section_payload_tag_full_load,100000,20,3401000,177,0,1,1,0
raw,world_section_payload_tag_full_load,100000,21,4225900,177,0,1,1,0
raw,world_section_payload_tag_full_load,100000,22,4188300,177,0,1,1,0
raw,world_section_payload_tag_full_load,100000,23,4089100,177,0,1,1,0
raw,world_section_payload_tag_full_load,100000,24,3804700,177,0,1,1,0
raw,world_section_payload_tag_full_load,100000,25,3660500,177,0,1,1,0
raw,world_section_payload_tag_full_load,100000,26,4030600,177,0,1,1,0
raw,world_section_payload_tag_full_load,100000,27,3292500,177,0,1,1,0
raw,world_section_payload_tag_full_load,100000,28,2750500,177,0,1,1,0
raw,world_section_payload_tag_full_load,100000,29,2929100,177,0,1,1,0
raw,world_section_payload_fixed_16_full_load,100000,0,5646000,137,0,1,1,0
raw,world_section_payload_fixed_16_full_load,100000,1,5055100,137,0,1,1,0
raw,world_section_payload_fixed_16_full_load,100000,2,5739800,137,0,1,1,0
raw,world_section_payload_fixed_16_full_load,100000,3,5052900,137,0,1,1,0
raw,world_section_payload_fixed_16_full_load,100000,4,5482800,137,0,1,1,0
raw,world_section_payload_fixed_16_full_load,100000,5,5514600,137,0,1,1,0
raw,world_section_payload_fixed_16_full_load,100000,6,5947500,137,0,1,1,0
raw,world_section_payload_fixed_16_full_load,100000,7,5850500,137,0,1,1,0
raw,world_section_payload_fixed_16_full_load,100000,8,6983700,137,0,1,1,0
raw,world_section_payload_fixed_16_full_load,100000,9,6014500,137,0,1,1,0
raw,world_section_payload_fixed_16_full_load,100000,10,6934900,137,0,1,1,0
raw,world_section_payload_fixed_16_full_load,100000,11,7525200,137,0,1,1,0
raw,world_section_payload_fixed_16_full_load,100000,12,5863000,137,0,1,1,0
raw,world_section_payload_fixed_16_full_load,100000,13,5915400,137,0,1,1,0
raw,world_section_payload_fixed_16_full_load,100000,14,7578100,137,0,1,1,0
raw,world_section_payload_fixed_16_full_load,100000,15,6229400,137,0,1,1,0
raw,world_section_payload_fixed_16_full_load,100000,16,6967800,137,0,1,1,0
raw,world_section_payload_fixed_16_full_load,100000,17,5871600,137,0,1,1,0
raw,world_section_payload_fixed_16_full_load,100000,18,5324200,137,0,1,1,0
raw,world_section_payload_fixed_16_full_load,100000,19,5417600,137,0,1,1,0
raw,world_section_payload_fixed_16_full_load,100000,20,5141400,137,0,1,1,0
raw,world_section_payload_fixed_16_full_load,100000,21,5163600,137,0,1,1,0
raw,world_section_payload_fixed_16_full_load,100000,22,5254900,137,0,1,1,0
raw,world_section_payload_fixed_16_full_load,100000,23,7756800,137,0,1,1,0
raw,world_section_payload_fixed_16_full_load,100000,24,6203600,137,0,1,1,0
raw,world_section_payload_fixed_16_full_load,100000,25,5305200,137,0,1,1,0
raw,world_section_payload_fixed_16_full_load,100000,26,6634500,137,0,1,1,0
raw,world_section_payload_fixed_16_full_load,100000,27,5256200,137,0,1,1,0
raw,world_section_payload_fixed_16_full_load,100000,28,6413800,137,0,1,1,0
raw,world_section_payload_fixed_16_full_load,100000,29,6064700,137,0,1,1,0
raw,world_section_payload_fixed_64_full_load,100000,0,10407500,137,0,1,1,0
raw,world_section_payload_fixed_64_full_load,100000,1,11366600,137,0,1,1,0
raw,world_section_payload_fixed_64_full_load,100000,2,10666600,137,0,1,1,0
raw,world_section_payload_fixed_64_full_load,100000,3,12341000,137,0,1,1,0
raw,world_section_payload_fixed_64_full_load,100000,4,10255200,137,0,1,1,0
raw,world_section_payload_fixed_64_full_load,100000,5,11291200,137,0,1,1,0
raw,world_section_payload_fixed_64_full_load,100000,6,9304200,137,0,1,1,0
raw,world_section_payload_fixed_64_full_load,100000,7,9710200,137,0,1,1,0
raw,world_section_payload_fixed_64_full_load,100000,8,9448700,137,0,1,1,0
raw,world_section_payload_fixed_64_full_load,100000,9,12209800,137,0,1,1,0
raw,world_section_payload_fixed_64_full_load,100000,10,12216900,137,0,1,1,0
raw,world_section_payload_fixed_64_full_load,100000,11,11605800,137,0,1,1,0
raw,world_section_payload_fixed_64_full_load,100000,12,10072100,137,0,1,1,0
raw,world_section_payload_fixed_64_full_load,100000,13,11695200,137,0,1,1,0
raw,world_section_payload_fixed_64_full_load,100000,14,10511000,137,0,1,1,0
raw,world_section_payload_fixed_64_full_load,100000,15,11225000,137,0,1,1,0
raw,world_section_payload_fixed_64_full_load,100000,16,11300800,137,0,1,1,0
raw,world_section_payload_fixed_64_full_load,100000,17,11272800,137,0,1,1,0
raw,world_section_payload_fixed_64_full_load,100000,18,11766200,137,0,1,1,0
raw,world_section_payload_fixed_64_full_load,100000,19,11621700,137,0,1,1,0
raw,world_section_payload_fixed_64_full_load,100000,20,12055400,137,0,1,1,0
raw,world_section_payload_fixed_64_full_load,100000,21,12090000,137,0,1,1,0
raw,world_section_payload_fixed_64_full_load,100000,22,10893600,137,0,1,1,0
raw,world_section_payload_fixed_64_full_load,100000,23,10824300,137,0,1,1,0
raw,world_section_payload_fixed_64_full_load,100000,24,12075800,137,0,1,1,0
raw,world_section_payload_fixed_64_full_load,100000,25,9452100,137,0,1,1,0
raw,world_section_payload_fixed_64_full_load,100000,26,10489800,137,0,1,1,0
raw,world_section_payload_fixed_64_full_load,100000,27,10609300,137,0,1,1,0
raw,world_section_payload_fixed_64_full_load,100000,28,10771900,137,0,1,1,0
raw,world_section_payload_fixed_64_full_load,100000,29,10292800,137,0,1,1,0
raw,world_section_payload_dynamic_32_full_load,100000,0,11132500,100137,0,1,1,0
raw,world_section_payload_dynamic_32_full_load,100000,1,13150800,100137,0,1,1,0
raw,world_section_payload_dynamic_32_full_load,100000,2,11927800,100137,0,1,1,0
raw,world_section_payload_dynamic_32_full_load,100000,3,13005100,100137,0,1,1,0
raw,world_section_payload_dynamic_32_full_load,100000,4,12779400,100137,0,1,1,0
raw,world_section_payload_dynamic_32_full_load,100000,5,12102200,100137,0,1,1,0
raw,world_section_payload_dynamic_32_full_load,100000,6,12025400,100137,0,1,1,0
raw,world_section_payload_dynamic_32_full_load,100000,7,13409700,100137,0,1,1,0
raw,world_section_payload_dynamic_32_full_load,100000,8,11424000,100137,0,1,1,0
raw,world_section_payload_dynamic_32_full_load,100000,9,10807800,100137,0,1,1,0
raw,world_section_payload_dynamic_32_full_load,100000,10,12141300,100137,0,1,1,0
raw,world_section_payload_dynamic_32_full_load,100000,11,13939700,100137,0,1,1,0
raw,world_section_payload_dynamic_32_full_load,100000,12,14022800,100137,0,1,1,0
raw,world_section_payload_dynamic_32_full_load,100000,13,12665900,100137,0,1,1,0
raw,world_section_payload_dynamic_32_full_load,100000,14,11415600,100137,0,1,1,0
raw,world_section_payload_dynamic_32_full_load,100000,15,11807200,100137,0,1,1,0
raw,world_section_payload_dynamic_32_full_load,100000,16,13046800,100137,0,1,1,0
raw,world_section_payload_dynamic_32_full_load,100000,17,10719700,100137,0,1,1,0
raw,world_section_payload_dynamic_32_full_load,100000,18,13036100,100137,0,1,1,0
raw,world_section_payload_dynamic_32_full_load,100000,19,11917800,100137,0,1,1,0
raw,world_section_payload_dynamic_32_full_load,100000,20,12812800,100137,0,1,1,0
raw,world_section_payload_dynamic_32_full_load,100000,21,12038900,100137,0,1,1,0
raw,world_section_payload_dynamic_32_full_load,100000,22,10848900,100137,0,1,1,0
raw,world_section_payload_dynamic_32_full_load,100000,23,12230000,100137,0,1,1,0
raw,world_section_payload_dynamic_32_full_load,100000,24,12964500,100137,0,1,1,0
raw,world_section_payload_dynamic_32_full_load,100000,25,13368500,100137,0,1,1,0
raw,world_section_payload_dynamic_32_full_load,100000,26,14158800,100137,0,1,1,0
raw,world_section_payload_dynamic_32_full_load,100000,27,14910400,100137,0,1,1,0
raw,world_section_payload_dynamic_32_full_load,100000,28,11511800,100137,0,1,1,0
raw,world_section_payload_dynamic_32_full_load,100000,29,11293000,100137,0,1,1,0
raw,world_section_payload_dynamic_256_full_load,100000,0,17563300,100137,0,1,1,0
raw,world_section_payload_dynamic_256_full_load,100000,1,16414800,100137,0,1,1,0
raw,world_section_payload_dynamic_256_full_load,100000,2,15915700,100137,0,1,1,0
raw,world_section_payload_dynamic_256_full_load,100000,3,15095900,100137,0,1,1,0
raw,world_section_payload_dynamic_256_full_load,100000,4,17024300,100137,0,1,1,0
raw,world_section_payload_dynamic_256_full_load,100000,5,16521900,100137,0,1,1,0
raw,world_section_payload_dynamic_256_full_load,100000,6,16808100,100137,0,1,1,0
raw,world_section_payload_dynamic_256_full_load,100000,7,18776900,100137,0,1,1,0
raw,world_section_payload_dynamic_256_full_load,100000,8,18258000,100137,0,1,1,0
raw,world_section_payload_dynamic_256_full_load,100000,9,19598600,100137,0,1,1,0
raw,world_section_payload_dynamic_256_full_load,100000,10,17122800,100137,0,1,1,0
raw,world_section_payload_dynamic_256_full_load,100000,11,18604300,100137,0,1,1,0
raw,world_section_payload_dynamic_256_full_load,100000,12,17443700,100137,0,1,1,0
raw,world_section_payload_dynamic_256_full_load,100000,13,15961600,100137,0,1,1,0
raw,world_section_payload_dynamic_256_full_load,100000,14,16396800,100137,0,1,1,0
raw,world_section_payload_dynamic_256_full_load,100000,15,17991400,100137,0,1,1,0
raw,world_section_payload_dynamic_256_full_load,100000,16,15878200,100137,0,1,1,0
raw,world_section_payload_dynamic_256_full_load,100000,17,16075000,100137,0,1,1,0
raw,world_section_payload_dynamic_256_full_load,100000,18,19158400,100137,0,1,1,0
raw,world_section_payload_dynamic_256_full_load,100000,19,15088000,100137,0,1,1,0
raw,world_section_payload_dynamic_256_full_load,100000,20,18087100,100137,0,1,1,0
raw,world_section_payload_dynamic_256_full_load,100000,21,16072200,100137,0,1,1,0
raw,world_section_payload_dynamic_256_full_load,100000,22,17649300,100137,0,1,1,0
raw,world_section_payload_dynamic_256_full_load,100000,23,18354600,100137,0,1,1,0
raw,world_section_payload_dynamic_256_full_load,100000,24,15461700,100137,0,1,1,0
raw,world_section_payload_dynamic_256_full_load,100000,25,17860900,100137,0,1,1,0
raw,world_section_payload_dynamic_256_full_load,100000,26,17998600,100137,0,1,1,0
raw,world_section_payload_dynamic_256_full_load,100000,27,17957200,100137,0,1,1,0
raw,world_section_payload_dynamic_256_full_load,100000,28,17525600,100137,0,1,1,0
raw,world_section_payload_dynamic_256_full_load,100000,29,18607500,100137,0,1,1,0
raw,world_section_entity_refs_0_full_load,100000,0,2853200,177,0,1,1,0
raw,world_section_entity_refs_0_full_load,100000,1,3126400,177,0,1,1,0
raw,world_section_entity_refs_0_full_load,100000,2,3058100,177,0,1,1,0
raw,world_section_entity_refs_0_full_load,100000,3,3187600,177,0,1,1,0
raw,world_section_entity_refs_0_full_load,100000,4,2919600,177,0,1,1,0
raw,world_section_entity_refs_0_full_load,100000,5,3083500,177,0,1,1,0
raw,world_section_entity_refs_0_full_load,100000,6,2975900,177,0,1,1,0
raw,world_section_entity_refs_0_full_load,100000,7,3340400,177,0,1,1,0
raw,world_section_entity_refs_0_full_load,100000,8,3715800,177,0,1,1,0
raw,world_section_entity_refs_0_full_load,100000,9,5262900,177,0,1,1,0
raw,world_section_entity_refs_0_full_load,100000,10,3852100,177,0,1,1,0
raw,world_section_entity_refs_0_full_load,100000,11,4067700,177,0,1,1,0
raw,world_section_entity_refs_0_full_load,100000,12,3923000,177,0,1,1,0
raw,world_section_entity_refs_0_full_load,100000,13,4267100,177,0,1,1,0
raw,world_section_entity_refs_0_full_load,100000,14,4184200,177,0,1,1,0
raw,world_section_entity_refs_0_full_load,100000,15,3339500,177,0,1,1,0
raw,world_section_entity_refs_0_full_load,100000,16,2956300,177,0,1,1,0
raw,world_section_entity_refs_0_full_load,100000,17,3053100,177,0,1,1,0
raw,world_section_entity_refs_0_full_load,100000,18,2947400,177,0,1,1,0
raw,world_section_entity_refs_0_full_load,100000,19,2984200,177,0,1,1,0
raw,world_section_entity_refs_0_full_load,100000,20,3114800,177,0,1,1,0
raw,world_section_entity_refs_0_full_load,100000,21,3344500,177,0,1,1,0
raw,world_section_entity_refs_0_full_load,100000,22,3095800,177,0,1,1,0
raw,world_section_entity_refs_0_full_load,100000,23,2947600,177,0,1,1,0
raw,world_section_entity_refs_0_full_load,100000,24,2848600,177,0,1,1,0
raw,world_section_entity_refs_0_full_load,100000,25,3707600,177,0,1,1,0
raw,world_section_entity_refs_0_full_load,100000,26,4027500,177,0,1,1,0
raw,world_section_entity_refs_0_full_load,100000,27,4276200,177,0,1,1,0
raw,world_section_entity_refs_0_full_load,100000,28,3994500,177,0,1,1,0
raw,world_section_entity_refs_0_full_load,100000,29,2979500,177,0,1,1,0
raw,world_section_entity_refs_1_full_load,1000000,0,62338700,1242,0,1,1,0
raw,world_section_entity_refs_1_full_load,1000000,1,58876200,1242,0,1,1,0
raw,world_section_entity_refs_1_full_load,1000000,2,58337800,1242,0,1,1,0
raw,world_section_entity_refs_1_full_load,1000000,3,65012700,1242,0,1,1,0
raw,world_section_entity_refs_1_full_load,1000000,4,62362200,1242,0,1,1,0
raw,world_section_entity_refs_1_full_load,1000000,5,56456300,1242,0,1,1,0
raw,world_section_entity_refs_1_full_load,1000000,6,58423500,1242,0,1,1,0
raw,world_section_entity_refs_1_full_load,1000000,7,57559100,1242,0,1,1,0
raw,world_section_entity_refs_1_full_load,1000000,8,57971300,1242,0,1,1,0
raw,world_section_entity_refs_1_full_load,1000000,9,66313200,1242,0,1,1,0
raw,world_section_entity_refs_1_full_load,1000000,10,57458800,1242,0,1,1,0
raw,world_section_entity_refs_1_full_load,1000000,11,61966100,1242,0,1,1,0
raw,world_section_entity_refs_1_full_load,1000000,12,64209300,1242,0,1,1,0
raw,world_section_entity_refs_1_full_load,1000000,13,60653600,1242,0,1,1,0
raw,world_section_entity_refs_1_full_load,1000000,14,55479600,1242,0,1,1,0
raw,world_section_entity_refs_1_full_load,1000000,15,60784400,1242,0,1,1,0
raw,world_section_entity_refs_1_full_load,1000000,16,58095800,1242,0,1,1,0
raw,world_section_entity_refs_1_full_load,1000000,17,59753300,1242,0,1,1,0
raw,world_section_entity_refs_1_full_load,1000000,18,60911600,1242,0,1,1,0
raw,world_section_entity_refs_1_full_load,1000000,19,69771600,1242,0,1,1,0
raw,world_section_entity_refs_1_full_load,1000000,20,64576600,1242,0,1,1,0
raw,world_section_entity_refs_1_full_load,1000000,21,58681000,1242,0,1,1,0
raw,world_section_entity_refs_1_full_load,1000000,22,56456400,1242,0,1,1,0
raw,world_section_entity_refs_1_full_load,1000000,23,55209700,1242,0,1,1,0
raw,world_section_entity_refs_1_full_load,1000000,24,65658400,1242,0,1,1,0
raw,world_section_entity_refs_1_full_load,1000000,25,62450300,1242,0,1,1,0
raw,world_section_entity_refs_1_full_load,1000000,26,61492800,1242,0,1,1,0
raw,world_section_entity_refs_1_full_load,1000000,27,57641600,1242,0,1,1,0
raw,world_section_entity_refs_1_full_load,1000000,28,58203100,1242,0,1,1,0
raw,world_section_entity_refs_1_full_load,1000000,29,58738000,1242,0,1,1,0
raw,world_section_entity_refs_4_full_load,1000000,0,82636700,1242,0,1,1,0
raw,world_section_entity_refs_4_full_load,1000000,1,85761200,1242,0,1,1,0
raw,world_section_entity_refs_4_full_load,1000000,2,84029300,1242,0,1,1,0
raw,world_section_entity_refs_4_full_load,1000000,3,92236500,1242,0,1,1,0
raw,world_section_entity_refs_4_full_load,1000000,4,83793200,1242,0,1,1,0
raw,world_section_entity_refs_4_full_load,1000000,5,79959100,1242,0,1,1,0
raw,world_section_entity_refs_4_full_load,1000000,6,75575700,1242,0,1,1,0
raw,world_section_entity_refs_4_full_load,1000000,7,80070900,1242,0,1,1,0
raw,world_section_entity_refs_4_full_load,1000000,8,83040400,1242,0,1,1,0
raw,world_section_entity_refs_4_full_load,1000000,9,79432700,1242,0,1,1,0
raw,world_section_entity_refs_4_full_load,1000000,10,76835800,1242,0,1,1,0
raw,world_section_entity_refs_4_full_load,1000000,11,77968700,1242,0,1,1,0
raw,world_section_entity_refs_4_full_load,1000000,12,82469400,1242,0,1,1,0
raw,world_section_entity_refs_4_full_load,1000000,13,72785500,1242,0,1,1,0
raw,world_section_entity_refs_4_full_load,1000000,14,76669100,1242,0,1,1,0
raw,world_section_entity_refs_4_full_load,1000000,15,81557400,1242,0,1,1,0
raw,world_section_entity_refs_4_full_load,1000000,16,82289600,1242,0,1,1,0
raw,world_section_entity_refs_4_full_load,1000000,17,78853200,1242,0,1,1,0
raw,world_section_entity_refs_4_full_load,1000000,18,79305100,1242,0,1,1,0
raw,world_section_entity_refs_4_full_load,1000000,19,79241800,1242,0,1,1,0
raw,world_section_entity_refs_4_full_load,1000000,20,83410200,1242,0,1,1,0
raw,world_section_entity_refs_4_full_load,1000000,21,79541000,1242,0,1,1,0
raw,world_section_entity_refs_4_full_load,1000000,22,80683400,1242,0,1,1,0
raw,world_section_entity_refs_4_full_load,1000000,23,76917800,1242,0,1,1,0
raw,world_section_entity_refs_4_full_load,1000000,24,73340600,1242,0,1,1,0
raw,world_section_entity_refs_4_full_load,1000000,25,80048400,1242,0,1,1,0
raw,world_section_entity_refs_4_full_load,1000000,26,81794500,1242,0,1,1,0
raw,world_section_entity_refs_4_full_load,1000000,27,75369600,1242,0,1,1,0
raw,world_section_entity_refs_4_full_load,1000000,28,87404400,1242,0,1,1,0
raw,world_section_entity_refs_4_full_load,1000000,29,81281400,1242,0,1,1,0
summary,world_section_dense_fixed3_open,100000,median,3300,1,0,0,0,0
summary,world_section_dense_fixed3_open,100000,p95,5500,1,0,0,0,0
summary,world_section_dense_fixed3_preflight,100000,median,100,0,0,0,0,0
summary,world_section_dense_fixed3_preflight,100000,p95,100,0,0,0,0,0
summary,world_section_dense_fixed3_entity_create,100000,median,1015900,65,0,0,0,0
summary,world_section_dense_fixed3_entity_create,100000,p95,1439300,65,0,0,0,0
summary,world_section_dense_fixed3_decode,100000,median,3414300,0,0,0,0,0
summary,world_section_dense_fixed3_decode,100000,p95,4166100,0,0,0,0,0
summary,world_section_dense_fixed3_raw_entt_insert,100000,median,3314800,245,0,0,0,0
summary,world_section_dense_fixed3_raw_entt_insert,100000,p95,4507400,245,0,0,0,0
summary,world_section_dense_fixed3_predecoded_fixed_insert,100000,median,3345400,202,0,0,0,0
summary,world_section_dense_fixed3_predecoded_fixed_insert,100000,p95,4064400,202,0,0,0,0
summary,world_section_dense_fixed3_full_load,100000,median,20252600,411,0,3,3,0
summary,world_section_dense_fixed3_full_load,100000,p95,21696600,411,0,3,3,0
summary,world_section_dense_fixed3_unload,100000,median,2870600,411,0,0,0,0
summary,world_section_dense_fixed3_unload,100000,p95,3717200,411,0,0,0,0
summary,world_section_dense_fixed3_open,1000000,median,5900,1,0,0,0,0
summary,world_section_dense_fixed3_open,1000000,p95,7700,1,0,0,0,0
summary,world_section_dense_fixed3_preflight,1000000,median,100,0,0,0,0,0
summary,world_section_dense_fixed3_preflight,1000000,p95,100,0,0,0,0,0
summary,world_section_dense_fixed3_entity_create,1000000,median,8396400,296,0,0,0,0
summary,world_section_dense_fixed3_entity_create,1000000,p95,9578000,296,0,0,0,0
summary,world_section_dense_fixed3_decode,1000000,median,39029900,0,0,0,0,0
summary,world_section_dense_fixed3_decode,1000000,p95,41429100,0,0,0,0,0
summary,world_section_dense_fixed3_raw_entt_insert,1000000,median,33096800,1591,0,0,0,0
summary,world_section_dense_fixed3_raw_entt_insert,1000000,p95,38181800,1591,0,0,0,0
summary,world_section_dense_fixed3_predecoded_fixed_insert,1000000,median,36501600,1538,0,0,0,0
summary,world_section_dense_fixed3_predecoded_fixed_insert,1000000,p95,40563300,1538,0,0,0,0
summary,world_section_dense_fixed3_full_load,1000000,median,217292900,3726,0,3,3,0
summary,world_section_dense_fixed3_full_load,1000000,p95,230714000,3726,0,3,3,0
summary,world_section_dense_fixed3_unload,1000000,median,34548100,3726,0,0,0,0
summary,world_section_dense_fixed3_unload,1000000,p95,40824400,3726,0,0,0,0
summary,world_section_columns_3_full_load,100000,median,18174500,411,0,3,3,0
summary,world_section_columns_3_full_load,100000,p95,20241300,411,0,3,3,0
summary,world_section_columns_16_full_load,100000,median,101954600,2186,0,16,16,0
summary,world_section_columns_16_full_load,100000,p95,107546200,2186,0,16,16,0
summary,world_section_columns_64_full_load,100000,median,403399200,8720,0,64,64,0
summary,world_section_columns_64_full_load,100000,p95,421918200,8720,0,64,64,0
summary,world_section_density_1_full_load,1000000,median,74089100,4394,0,16,16,0
summary,world_section_density_1_full_load,1000000,p95,82944100,4394,0,16,16,0
summary,world_section_density_10_full_load,1000000,median,183733200,5802,0,16,16,0
summary,world_section_density_10_full_load,1000000,p95,193086500,5802,0,16,16,0
summary,world_section_density_50_full_load,1000000,median,665564100,12058,0,16,16,0
summary,world_section_density_50_full_load,1000000,p95,687195700,12058,0,16,16,0
summary,world_section_density_100_full_load,1000000,median,1053640300,19866,0,16,16,0
summary,world_section_density_100_full_load,1000000,p95,1087973100,19866,0,16,16,0
summary,world_section_payload_tag_full_load,100000,median,3340100,177,0,1,1,0
summary,world_section_payload_tag_full_load,100000,p95,4435400,177,0,1,1,0
summary,world_section_payload_fixed_16_full_load,100000,median,5871600,137,0,1,1,0
summary,world_section_payload_fixed_16_full_load,100000,p95,7578100,137,0,1,1,0
summary,world_section_payload_fixed_64_full_load,100000,median,11225000,137,0,1,1,0
summary,world_section_payload_fixed_64_full_load,100000,p95,12216900,137,0,1,1,0
summary,world_section_payload_dynamic_32_full_load,100000,median,12230000,100137,0,1,1,0
summary,world_section_payload_dynamic_32_full_load,100000,p95,14158800,100137,0,1,1,0
summary,world_section_payload_dynamic_256_full_load,100000,median,17525600,100137,0,1,1,0
summary,world_section_payload_dynamic_256_full_load,100000,p95,19158400,100137,0,1,1,0
summary,world_section_entity_refs_0_full_load,100000,median,3187600,177,0,1,1,0
summary,world_section_entity_refs_0_full_load,100000,p95,4276200,177,0,1,1,0
summary,world_section_entity_refs_1_full_load,1000000,median,59753300,1242,0,1,1,0
summary,world_section_entity_refs_1_full_load,1000000,p95,66313200,1242,0,1,1,0
summary,world_section_entity_refs_4_full_load,1000000,median,80070900,1242,0,1,1,0
summary,world_section_entity_refs_4_full_load,1000000,p95,87404400,1242,0,1,1,0
