kind,metric,size,sample,nanoseconds,allocations,retained_bytes,dispatch_calls,storage_lookups,visited_nodes,history_losses
raw,raw_entt_read,100000,0,378100,0,0,0,0,0,0
raw,raw_entt_read,100000,1,380200,0,0,0,0,0,0
raw,raw_entt_read,100000,2,373600,0,0,0,0,0,0
raw,raw_entt_read,100000,3,371000,0,0,0,0,0,0
raw,raw_entt_read,100000,4,368700,0,0,0,0,0,0
raw,raw_entt_read,100000,5,369000,0,0,0,0,0,0
raw,raw_entt_read,100000,6,368800,0,0,0,0,0,0
raw,raw_entt_read,100000,7,373200,0,0,0,0,0,0
raw,raw_entt_read,100000,8,380900,0,0,0,0,0,0
raw,raw_entt_read,100000,9,367000,0,0,0,0,0,0
raw,raw_entt_read,100000,10,369200,0,0,0,0,0,0
raw,raw_entt_read,100000,11,368900,0,0,0,0,0,0
raw,raw_entt_read,100000,12,367600,0,0,0,0,0,0
raw,raw_entt_read,100000,13,367200,0,0,0,0,0,0
raw,raw_entt_read,100000,14,368300,0,0,0,0,0,0
raw,raw_entt_read,100000,15,366900,0,0,0,0,0,0
raw,raw_entt_read,100000,16,368300,0,0,0,0,0,0
raw,raw_entt_read,100000,17,366200,0,0,0,0,0,0
raw,raw_entt_read,100000,18,366900,0,0,0,0,0,0
raw,raw_entt_read,100000,19,366200,0,0,0,0,0,0
raw,raw_entt_read,100000,20,367700,0,0,0,0,0,0
raw,raw_entt_read,100000,21,371400,0,0,0,0,0,0
raw,raw_entt_read,100000,22,367400,0,0,0,0,0,0
raw,raw_entt_read,100000,23,367900,0,0,0,0,0,0
raw,raw_entt_read,100000,24,366200,0,0,0,0,0,0
raw,raw_entt_read,100000,25,366900,0,0,0,0,0,0
raw,raw_entt_read,100000,26,372400,0,0,0,0,0,0
raw,raw_entt_read,100000,27,366100,0,0,0,0,0,0
raw,raw_entt_read,100000,28,362500,0,0,0,0,0,0
raw,raw_entt_read,100000,29,363100,0,0,0,0,0,0
raw,world_read_query,100000,0,390700,0,0,0,0,0,0
raw,world_read_query,100000,1,388700,0,0,0,0,0,0
raw,world_read_query,100000,2,387400,0,0,0,0,0,0
raw,world_read_query,100000,3,383300,0,0,0,0,0,0
raw,world_read_query,100000,4,390700,0,0,0,0,0,0
raw,world_read_query,100000,5,388100,0,0,0,0,0,0
raw,world_read_query,100000,6,388800,0,0,0,0,0,0
raw,world_read_query,100000,7,383000,0,0,0,0,0,0
raw,world_read_query,100000,8,384900,0,0,0,0,0,0
raw,world_read_query,100000,9,386500,0,0,0,0,0,0
raw,world_read_query,100000,10,382300,0,0,0,0,0,0
raw,world_read_query,100000,11,379400,0,0,0,0,0,0
raw,world_read_query,100000,12,374800,0,0,0,0,0,0
raw,world_read_query,100000,13,346500,0,0,0,0,0,0
raw,world_read_query,100000,14,341300,0,0,0,0,0,0
raw,world_read_query,100000,15,330000,0,0,0,0,0,0
raw,world_read_query,100000,16,337700,0,0,0,0,0,0
raw,world_read_query,100000,17,326100,0,0,0,0,0,0
raw,world_read_query,100000,18,326900,0,0,0,0,0,0
raw,world_read_query,100000,19,326900,0,0,0,0,0,0
raw,world_read_query,100000,20,338300,0,0,0,0,0,0
raw,world_read_query,100000,21,337700,0,0,0,0,0,0
raw,world_read_query,100000,22,331100,0,0,0,0,0,0
raw,world_read_query,100000,23,327600,0,0,0,0,0,0
raw,world_read_query,100000,24,325600,0,0,0,0,0,0
raw,world_read_query,100000,25,326200,0,0,0,0,0,0
raw,world_read_query,100000,26,331800,0,0,0,0,0,0
raw,world_read_query,100000,27,330000,0,0,0,0,0,0
raw,world_read_query,100000,28,329400,0,0,0,0,0,0
raw,world_read_query,100000,29,331200,0,0,0,0,0,0
raw,world_edit_write_query,100000,0,1176100,0,0,0,0,0,0
raw,world_edit_write_query,100000,1,1180300,0,0,0,0,0,0
raw,world_edit_write_query,100000,2,1171600,0,0,0,0,0,0
raw,world_edit_write_query,100000,3,1213900,0,0,0,0,0,0
raw,world_edit_write_query,100000,4,1184600,0,0,0,0,0,0
raw,world_edit_write_query,100000,5,1202500,0,0,0,0,0,0
raw,world_edit_write_query,100000,6,1220900,0,0,0,0,0,0
raw,world_edit_write_query,100000,7,1189900,0,0,0,0,0,0
raw,world_edit_write_query,100000,8,1179100,0,0,0,0,0,0
raw,world_edit_write_query,100000,9,1180000,0,0,0,0,0,0
raw,world_edit_write_query,100000,10,1167900,0,0,0,0,0,0
raw,world_edit_write_query,100000,11,1170900,0,0,0,0,0,0
raw,world_edit_write_query,100000,12,1228200,0,0,0,0,0,0
raw,world_edit_write_query,100000,13,1129800,0,0,0,0,0,0
raw,world_edit_write_query,100000,14,902100,0,0,0,0,0,0
raw,world_edit_write_query,100000,15,889700,0,0,0,0,0,0
raw,world_edit_write_query,100000,16,883400,0,0,0,0,0,0
raw,world_edit_write_query,100000,17,883500,0,0,0,0,0,0
raw,world_edit_write_query,100000,18,879700,0,0,0,0,0,0
raw,world_edit_write_query,100000,19,880600,0,0,0,0,0,0
raw,world_edit_write_query,100000,20,894800,0,0,0,0,0,0
raw,world_edit_write_query,100000,21,878300,0,0,0,0,0,0
raw,world_edit_write_query,100000,22,881900,0,0,0,0,0,0
raw,world_edit_write_query,100000,23,882000,0,0,0,0,0,0
raw,world_edit_write_query,100000,24,885900,0,0,0,0,0,0
raw,world_edit_write_query,100000,25,890900,0,0,0,0,0,0
raw,world_edit_write_query,100000,26,886600,0,0,0,0,0,0
raw,world_edit_write_query,100000,27,885400,0,0,0,0,0,0
raw,world_edit_write_query,100000,28,884500,0,0,0,0,0,0
raw,world_edit_write_query,100000,29,946300,0,0,0,0,0,0
raw,schedule_write_query,100000,0,1277200,0,100000,0,0,0,0
raw,schedule_write_query,100000,1,1232600,0,100000,0,0,0,0
raw,schedule_write_query,100000,2,1353300,0,100000,0,0,0,0
raw,schedule_write_query,100000,3,1234700,0,100000,0,0,0,0
raw,schedule_write_query,100000,4,1233700,0,100000,0,0,0,0
raw,schedule_write_query,100000,5,1246900,0,100000,0,0,0,0
raw,schedule_write_query,100000,6,1356100,0,100000,0,0,0,0
raw,schedule_write_query,100000,7,1220900,0,100000,0,0,0,0
raw,schedule_write_query,100000,8,1237900,0,100000,0,0,0,0
raw,schedule_write_query,100000,9,1273200,0,100000,0,0,0,0
raw,schedule_write_query,100000,10,1207700,0,100000,0,0,0,0
raw,schedule_write_query,100000,11,1298900,0,100000,0,0,0,0
raw,schedule_write_query,100000,12,1213000,0,100000,0,0,0,0
raw,schedule_write_query,100000,13,1200600,0,100000,0,0,0,0
raw,schedule_write_query,100000,14,1203700,0,100000,0,0,0,0
raw,schedule_write_query,100000,15,1198300,0,100000,0,0,0,0
raw,schedule_write_query,100000,16,1289900,0,100000,0,0,0,0
raw,schedule_write_query,100000,17,1194100,0,100000,0,0,0,0
raw,schedule_write_query,100000,18,1192100,0,100000,0,0,0,0
raw,schedule_write_query,100000,19,1205300,0,100000,0,0,0,0
raw,schedule_write_query,100000,20,1189200,0,100000,0,0,0,0
raw,schedule_write_query,100000,21,1288000,0,100000,0,0,0,0
raw,schedule_write_query,100000,22,1209300,0,100000,0,0,0,0
raw,schedule_write_query,100000,23,1287600,0,100000,0,0,0,0
raw,schedule_write_query,100000,24,1207700,0,100000,0,0,0,0
raw,schedule_write_query,100000,25,1210000,0,100000,0,0,0,0
raw,schedule_write_query,100000,26,1277000,0,100000,0,0,0,0
raw,schedule_write_query,100000,27,1173100,0,100000,0,0,0,0
raw,schedule_write_query,100000,28,1172600,0,100000,0,0,0,0
raw,schedule_write_query,100000,29,1188000,0,100000,0,0,0,0
raw,raw_entt_read,1000000,0,3963200,0,0,0,0,0,0
raw,raw_entt_read,1000000,1,4044900,0,0,0,0,0,0
raw,raw_entt_read,1000000,2,3918300,0,0,0,0,0,0
raw,raw_entt_read,1000000,3,3821700,0,0,0,0,0,0
raw,raw_entt_read,1000000,4,3871000,0,0,0,0,0,0
raw,raw_entt_read,1000000,5,3738000,0,0,0,0,0,0
raw,raw_entt_read,1000000,6,3599700,0,0,0,0,0,0
raw,raw_entt_read,1000000,7,3620700,0,0,0,0,0,0
raw,raw_entt_read,1000000,8,3685100,0,0,0,0,0,0
raw,raw_entt_read,1000000,9,3622900,0,0,0,0,0,0
raw,raw_entt_read,1000000,10,3661600,0,0,0,0,0,0
raw,raw_entt_read,1000000,11,3706400,0,0,0,0,0,0
raw,raw_entt_read,1000000,12,3707400,0,0,0,0,0,0
raw,raw_entt_read,1000000,13,3877000,0,0,0,0,0,0
raw,raw_entt_read,1000000,14,3835200,0,0,0,0,0,0
raw,raw_entt_read,1000000,15,3789500,0,0,0,0,0,0
raw,raw_entt_read,1000000,16,3774900,0,0,0,0,0,0
raw,raw_entt_read,1000000,17,3812000,0,0,0,0,0,0
raw,raw_entt_read,1000000,18,3941900,0,0,0,0,0,0
raw,raw_entt_read,1000000,19,3828500,0,0,0,0,0,0
raw,raw_entt_read,1000000,20,3777400,0,0,0,0,0,0
raw,raw_entt_read,1000000,21,3737300,0,0,0,0,0,0
raw,raw_entt_read,1000000,22,3555500,0,0,0,0,0,0
raw,raw_entt_read,1000000,23,3557800,0,0,0,0,0,0
raw,raw_entt_read,1000000,24,3555600,0,0,0,0,0,0
raw,raw_entt_read,1000000,25,3548900,0,0,0,0,0,0
raw,raw_entt_read,1000000,26,3811300,0,0,0,0,0,0
raw,raw_entt_read,1000000,27,3596400,0,0,0,0,0,0
raw,raw_entt_read,1000000,28,3564200,0,0,0,0,0,0
raw,raw_entt_read,1000000,29,3669800,0,0,0,0,0,0
raw,world_read_query,1000000,0,3602300,0,0,0,0,0,0
raw,world_read_query,1000000,1,3595100,0,0,0,0,0,0
raw,world_read_query,1000000,2,3687600,0,0,0,0,0,0
raw,world_read_query,1000000,3,3672400,0,0,0,0,0,0
raw,world_read_query,1000000,4,3603400,0,0,0,0,0,0
raw,world_read_query,1000000,5,3692000,0,0,0,0,0,0
raw,world_read_query,1000000,6,3627800,0,0,0,0,0,0
raw,world_read_query,1000000,7,3995800,0,0,0,0,0,0
raw,world_read_query,1000000,8,4475200,0,0,0,0,0,0
raw,world_read_query,1000000,9,4324900,0,0,0,0,0,0
raw,world_read_query,1000000,10,3974200,0,0,0,0,0,0
raw,world_read_query,1000000,11,4384000,0,0,0,0,0,0
raw,world_read_query,1000000,12,4163800,0,0,0,0,0,0
raw,world_read_query,1000000,13,3746200,0,0,0,0,0,0
raw,world_read_query,1000000,14,3639500,0,0,0,0,0,0
raw,world_read_query,1000000,15,3627800,0,0,0,0,0,0
raw,world_read_query,1000000,16,3571200,0,0,0,0,0,0
raw,world_read_query,1000000,17,3527700,0,0,0,0,0,0
raw,world_read_query,1000000,18,3564100,0,0,0,0,0,0
raw,world_read_query,1000000,19,3611700,0,0,0,0,0,0
raw,world_read_query,1000000,20,3617600,0,0,0,0,0,0
raw,world_read_query,1000000,21,3539800,0,0,0,0,0,0
raw,world_read_query,1000000,22,3605300,0,0,0,0,0,0
raw,world_read_query,1000000,23,3608400,0,0,0,0,0,0
raw,world_read_query,1000000,24,3631900,0,0,0,0,0,0
raw,world_read_query,1000000,25,3639000,0,0,0,0,0,0
raw,world_read_query,1000000,26,3583200,0,0,0,0,0,0
raw,world_read_query,1000000,27,3653700,0,0,0,0,0,0
raw,world_read_query,1000000,28,3587900,0,0,0,0,0,0
raw,world_read_query,1000000,29,3853000,0,0,0,0,0,0
raw,world_edit_write_query,1000000,0,9181300,0,0,0,0,0,0
raw,world_edit_write_query,1000000,1,9384700,0,0,0,0,0,0
raw,world_edit_write_query,1000000,2,9042600,0,0,0,0,0,0
raw,world_edit_write_query,1000000,3,8716500,0,0,0,0,0,0
raw,world_edit_write_query,1000000,4,9240600,0,0,0,0,0,0
raw,world_edit_write_query,1000000,5,9084100,0,0,0,0,0,0
raw,world_edit_write_query,1000000,6,9029200,0,0,0,0,0,0
raw,world_edit_write_query,1000000,7,8935400,0,0,0,0,0,0
raw,world_edit_write_query,1000000,8,8641300,0,0,0,0,0,0
raw,world_edit_write_query,1000000,9,8840000,0,0,0,0,0,0
raw,world_edit_write_query,1000000,10,8852500,0,0,0,0,0,0
raw,world_edit_write_query,1000000,11,9076900,0,0,0,0,0,0
raw,world_edit_write_query,1000000,12,8889100,0,0,0,0,0,0
raw,world_edit_write_query,1000000,13,8824500,0,0,0,0,0,0
raw,world_edit_write_query,1000000,14,9047200,0,0,0,0,0,0
raw,world_edit_write_query,1000000,15,9261300,0,0,0,0,0,0
raw,world_edit_write_query,1000000,16,9195600,0,0,0,0,0,0
raw,world_edit_write_query,1000000,17,9393600,0,0,0,0,0,0
raw,world_edit_write_query,1000000,18,9087900,0,0,0,0,0,0
raw,world_edit_write_query,1000000,19,8968500,0,0,0,0,0,0
raw,world_edit_write_query,1000000,20,9167400,0,0,0,0,0,0
raw,world_edit_write_query,1000000,21,9289200,0,0,0,0,0,0
raw,world_edit_write_query,1000000,22,9312900,0,0,0,0,0,0
raw,world_edit_write_query,1000000,23,9372400,0,0,0,0,0,0
raw,world_edit_write_query,1000000,24,9381900,0,0,0,0,0,0
raw,world_edit_write_query,1000000,25,9343500,0,0,0,0,0,0
raw,world_edit_write_query,1000000,26,9347800,0,0,0,0,0,0
raw,world_edit_write_query,1000000,27,9437500,0,0,0,0,0,0
raw,world_edit_write_query,1000000,28,9312800,0,0,0,0,0,0
raw,world_edit_write_query,1000000,29,9288700,0,0,0,0,0,0
raw,schedule_write_query,1000000,0,11976200,0,1000000,0,0,0,0
raw,schedule_write_query,1000000,1,12834600,0,1000000,0,0,0,0
raw,schedule_write_query,1000000,2,12171700,0,1000000,0,0,0,0
raw,schedule_write_query,1000000,3,12464300,0,1000000,0,0,0,0
raw,schedule_write_query,1000000,4,12367200,0,1000000,0,0,0,0
raw,schedule_write_query,1000000,5,12717200,0,1000000,0,0,0,0
raw,schedule_write_query,1000000,6,12842400,0,1000000,0,0,0,0
raw,schedule_write_query,1000000,7,12649200,0,1000000,0,0,0,0
raw,schedule_write_query,1000000,8,12588600,0,1000000,0,0,0,0
raw,schedule_write_query,1000000,9,12671500,0,1000000,0,0,0,0
raw,schedule_write_query,1000000,10,12644600,0,1000000,0,0,0,0
raw,schedule_write_query,1000000,11,12720600,0,1000000,0,0,0,0
raw,schedule_write_query,1000000,12,12790500,0,1000000,0,0,0,0
raw,schedule_write_query,1000000,13,12335700,0,1000000,0,0,0,0
raw,schedule_write_query,1000000,14,11880400,0,1000000,0,0,0,0
raw,schedule_write_query,1000000,15,12260100,0,1000000,0,0,0,0
raw,schedule_write_query,1000000,16,12766100,0,1000000,0,0,0,0
raw,schedule_write_query,1000000,17,12670600,0,1000000,0,0,0,0
raw,schedule_write_query,1000000,18,12768300,0,1000000,0,0,0,0
raw,schedule_write_query,1000000,19,12924300,0,1000000,0,0,0,0
raw,schedule_write_query,1000000,20,12196400,0,1000000,0,0,0,0
raw,schedule_write_query,1000000,21,11836900,0,1000000,0,0,0,0
raw,schedule_write_query,1000000,22,11910300,0,1000000,0,0,0,0
raw,schedule_write_query,1000000,23,11927500,0,1000000,0,0,0,0
raw,schedule_write_query,1000000,24,11942100,0,1000000,0,0,0,0
raw,schedule_write_query,1000000,25,12201200,0,1000000,0,0,0,0
raw,schedule_write_query,1000000,26,12167400,0,1000000,0,0,0,0
raw,schedule_write_query,1000000,27,12187900,0,1000000,0,0,0,0
raw,schedule_write_query,1000000,28,11975300,0,1000000,0,0,0,0
raw,schedule_write_query,1000000,29,12215700,0,1000000,0,0,0,0
raw,schedule_run,1,0,19400,0,0,0,0,0,0
raw,schedule_run,1,1,19600,0,0,0,0,0,0
raw,schedule_run,1,2,19600,0,0,0,0,0,0
raw,schedule_run,1,3,19100,0,0,0,0,0,0
raw,schedule_run,1,4,19100,0,0,0,0,0,0
raw,schedule_run,1,5,19200,0,0,0,0,0,0
raw,schedule_run,1,6,19200,0,0,0,0,0,0
raw,schedule_run,1,7,19200,0,0,0,0,0,0
raw,schedule_run,1,8,19100,0,0,0,0,0,0
raw,schedule_run,1,9,19200,0,0,0,0,0,0
raw,schedule_run,1,10,19100,0,0,0,0,0,0
raw,schedule_run,1,11,19600,0,0,0,0,0,0
raw,schedule_run,1,12,18900,0,0,0,0,0,0
raw,schedule_run,1,13,19200,0,0,0,0,0,0
raw,schedule_run,1,14,19200,0,0,0,0,0,0
raw,schedule_run,1,15,19200,0,0,0,0,0,0
raw,schedule_run,1,16,19700,0,0,0,0,0,0
raw,schedule_run,1,17,19600,0,0,0,0,0,0
raw,schedule_run,1,18,19500,0,0,0,0,0,0
raw,schedule_run,1,19,19300,0,0,0,0,0,0
raw,schedule_run,1,20,19700,0,0,0,0,0,0
raw,schedule_run,1,21,21200,0,0,0,0,0,0
raw,schedule_run,1,22,19500,0,0,0,0,0,0
raw,schedule_run,1,23,19400,0,0,0,0,0,0
raw,schedule_run,1,24,18800,0,0,0,0,0,0
raw,schedule_run,1,25,19100,0,0,0,0,0,0
raw,schedule_run,1,26,18400,0,0,0,0,0,0
raw,schedule_run,1,27,19600,0,0,0,0,0,0
raw,schedule_run,1,28,19400,0,0,0,0,0,0
raw,schedule_run,1,29,20000,0,0,0,0,0,0
raw,schedule_run,16,0,153400,0,0,0,0,0,0
raw,schedule_run,16,1,153900,0,0,0,0,0,0
raw,schedule_run,16,2,153800,0,0,0,0,0,0
raw,schedule_run,16,3,153400,0,0,0,0,0,0
raw,schedule_run,16,4,153900,0,0,0,0,0,0
raw,schedule_run,16,5,153600,0,0,0,0,0,0
raw,schedule_run,16,6,160800,0,0,0,0,0,0
raw,schedule_run,16,7,232200,0,0,0,0,0,0
raw,schedule_run,16,8,225400,0,0,0,0,0,0
raw,schedule_run,16,9,225400,0,0,0,0,0,0
raw,schedule_run,16,10,224700,0,0,0,0,0,0
raw,schedule_run,16,11,222800,0,0,0,0,0,0
raw,schedule_run,16,12,223500,0,0,0,0,0,0
raw,schedule_run,16,13,223400,0,0,0,0,0,0
raw,schedule_run,16,14,227100,0,0,0,0,0,0
raw,schedule_run,16,15,228700,0,0,0,0,0,0
raw,schedule_run,16,16,223400,0,0,0,0,0,0
raw,schedule_run,16,17,225500,0,0,0,0,0,0
raw,schedule_run,16,18,229500,0,0,0,0,0,0
raw,schedule_run,16,19,226800,0,0,0,0,0,0
raw,schedule_run,16,20,229200,0,0,0,0,0,0
raw,schedule_run,16,21,227200,0,0,0,0,0,0
raw,schedule_run,16,22,228500,0,0,0,0,0,0
raw,schedule_run,16,23,231000,0,0,0,0,0,0
raw,schedule_run,16,24,225900,0,0,0,0,0,0
raw,schedule_run,16,25,228000,0,0,0,0,0,0
raw,schedule_run,16,26,227400,0,0,0,0,0,0
raw,schedule_run,16,27,229100,0,0,0,0,0,0
raw,schedule_run,16,28,228000,0,0,0,0,0,0
raw,schedule_run,16,29,169900,0,0,0,0,0,0
raw,schedule_run,64,0,633700,0,0,0,0,0,0
raw,schedule_run,64,1,619300,0,0,0,0,0,0
raw,schedule_run,64,2,614900,0,0,0,0,0,0
raw,schedule_run,64,3,628700,0,0,0,0,0,0
raw,schedule_run,64,4,648100,0,0,0,0,0,0
raw,schedule_run,64,5,614800,0,0,0,0,0,0
raw,schedule_run,64,6,618700,0,0,0,0,0,0
raw,schedule_run,64,7,613900,0,0,0,0,0,0
raw,schedule_run,64,8,607600,0,0,0,0,0,0
raw,schedule_run,64,9,627200,0,0,0,0,0,0
raw,schedule_run,64,10,666500,0,0,0,0,0,0
raw,schedule_run,64,11,666200,0,0,0,0,0,0
raw,schedule_run,64,12,671400,0,0,0,0,0,0
raw,schedule_run,64,13,666000,0,0,0,0,0,0
raw,schedule_run,64,14,665200,0,0,0,0,0,0
raw,schedule_run,64,15,610800,0,0,0,0,0,0
raw,schedule_run,64,16,610200,0,0,0,0,0,0
raw,schedule_run,64,17,627500,0,0,0,0,0,0
raw,schedule_run,64,18,629100,0,0,0,0,0,0
raw,schedule_run,64,19,623000,0,0,0,0,0,0
raw,schedule_run,64,20,619100,0,0,0,0,0,0
raw,schedule_run,64,21,617200,0,0,0,0,0,0
raw,schedule_run,64,22,616700,0,0,0,0,0,0
raw,schedule_run,64,23,610000,0,0,0,0,0,0
raw,schedule_run,64,24,605500,0,0,0,0,0,0
raw,schedule_run,64,25,628100,0,0,0,0,0,0
raw,schedule_run,64,26,630800,0,0,0,0,0,0
raw,schedule_run,64,27,613000,0,0,0,0,0,0
raw,schedule_run,64,28,620300,0,0,0,0,0,0
raw,schedule_run,64,29,623700,0,0,0,0,0,0
raw,schedule_run,256,0,3095900,0,0,0,0,0,0
raw,schedule_run,256,1,3104800,0,0,0,0,0,0
raw,schedule_run,256,2,3157900,0,0,0,0,0,0
raw,schedule_run,256,3,3153300,0,0,0,0,0,0
raw,schedule_run,256,4,3153200,0,0,0,0,0,0
raw,schedule_run,256,5,3177700,0,0,0,0,0,0
raw,schedule_run,256,6,3190600,0,0,0,0,0,0
raw,schedule_run,256,7,3164800,0,0,0,0,0,0
raw,schedule_run,256,8,3137600,0,0,0,0,0,0
raw,schedule_run,256,9,3157900,0,0,0,0,0,0
raw,schedule_run,256,10,3171700,0,0,0,0,0,0
raw,schedule_run,256,11,3145300,0,0,0,0,0,0
raw,schedule_run,256,12,3163100,0,0,0,0,0,0
raw,schedule_run,256,13,3166900,0,0,0,0,0,0
raw,schedule_run,256,14,3142700,0,0,0,0,0,0
raw,schedule_run,256,15,3167300,0,0,0,0,0,0
raw,schedule_run,256,16,3128600,0,0,0,0,0,0
raw,schedule_run,256,17,3144900,0,0,0,0,0,0
raw,schedule_run,256,18,3135200,0,0,0,0,0,0
raw,schedule_run,256,19,3237300,0,0,0,0,0,0
raw,schedule_run,256,20,3203900,0,0,0,0,0,0
raw,schedule_run,256,21,3262200,0,0,0,0,0,0
raw,schedule_run,256,22,3191400,0,0,0,0,0,0
raw,schedule_run,256,23,3211800,0,0,0,0,0,0
raw,schedule_run,256,24,3177800,0,0,0,0,0,0
raw,schedule_run,256,25,3105500,0,0,0,0,0,0
raw,schedule_run,256,26,3046000,0,0,0,0,0,0
raw,schedule_run,256,27,3074300,0,0,0,0,0,0
raw,schedule_run,256,28,3052200,0,0,0,0,0,0
raw,schedule_run,256,29,3114600,0,0,0,0,0,0
raw,schedule_run,1024,0,12256700,0,0,0,0,0,0
raw,schedule_run,1024,1,12262600,0,0,0,0,0,0
raw,schedule_run,1024,2,12278400,0,0,0,0,0,0
raw,schedule_run,1024,3,12214200,0,0,0,0,0,0
raw,schedule_run,1024,4,12262900,0,0,0,0,0,0
raw,schedule_run,1024,5,12361200,0,0,0,0,0,0
raw,schedule_run,1024,6,12298800,0,0,0,0,0,0
raw,schedule_run,1024,7,12114200,0,0,0,0,0,0
raw,schedule_run,1024,8,12008900,0,0,0,0,0,0
raw,schedule_run,1024,9,12092100,0,0,0,0,0,0
raw,schedule_run,1024,10,12055700,0,0,0,0,0,0
raw,schedule_run,1024,11,13497300,0,0,0,0,0,0
raw,schedule_run,1024,12,13087000,0,0,0,0,0,0
raw,schedule_run,1024,13,12407400,0,0,0,0,0,0
raw,schedule_run,1024,14,12457100,0,0,0,0,0,0
raw,schedule_run,1024,15,12813400,0,0,0,0,0,0
raw,schedule_run,1024,16,13896900,0,0,0,0,0,0
raw,schedule_run,1024,17,12284700,0,0,0,0,0,0
raw,schedule_run,1024,18,12363500,0,0,0,0,0,0
raw,schedule_run,1024,19,12591300,0,0,0,0,0,0
raw,schedule_run,1024,20,13577600,0,0,0,0,0,0
raw,schedule_run,1024,21,13089300,0,0,0,0,0,0
raw,schedule_run,1024,22,13208300,0,0,0,0,0,0
raw,schedule_run,1024,23,12806000,0,0,0,0,0,0
raw,schedule_run,1024,24,12670000,0,0,0,0,0,0
raw,schedule_run,1024,25,13042300,0,0,0,0,0,0
raw,schedule_run,1024,26,13118300,0,0,0,0,0,0
raw,schedule_run,1024,27,12945900,0,0,0,0,0,0
raw,schedule_run,1024,28,12951900,0,0,0,0,0,0
raw,schedule_run,1024,29,12909300,0,0,0,0,0,0
summary,raw_entt_read,100000,median,368300,0,0,0,0,0,0
summary,raw_entt_read,100000,p95,380200,0,0,0,0,0,0
summary,world_read_query,100000,median,341300,0,0,0,0,0,0
summary,world_read_query,100000,p95,390700,0,0,0,0,0,0
summary,world_edit_write_query,100000,median,946300,0,0,0,0,0,0
summary,world_edit_write_query,100000,p95,1220900,0,0,0,0,0,0
summary,schedule_write_query,100000,median,1220900,0,100000,0,0,0,0
summary,schedule_write_query,100000,p95,1353300,0,100000,0,0,0,0
summary,raw_entt_read,1000000,median,3738000,0,0,0,0,0,0
summary,raw_entt_read,1000000,p95,3963200,0,0,0,0,0,0
summary,world_read_query,1000000,median,3631900,0,0,0,0,0,0
summary,world_read_query,1000000,p95,4384000,0,0,0,0,0,0
summary,world_edit_write_query,1000000,median,9181300,0,0,0,0,0,0
summary,world_edit_write_query,1000000,p95,9393600,0,0,0,0,0,0
summary,schedule_write_query,1000000,median,12367200,0,1000000,0,0,0,0
summary,schedule_write_query,1000000,p95,12842400,0,1000000,0,0,0,0
summary,schedule_run,1,median,19300,0,0,0,0,0,0
summary,schedule_run,1,p95,20000,0,0,0,0,0,0
summary,schedule_run,16,median,225500,0,0,0,0,0,0
summary,schedule_run,16,p95,231000,0,0,0,0,0,0
summary,schedule_run,64,median,623000,0,0,0,0,0,0
summary,schedule_run,64,p95,666500,0,0,0,0,0,0
summary,schedule_run,256,median,3157900,0,0,0,0,0,0
summary,schedule_run,256,p95,3237300,0,0,0,0,0,0
summary,schedule_run,1024,median,12591300,0,0,0,0,0,0
summary,schedule_run,1024,p95,13577600,0,0,0,0,0,0
