Function,CPU Time,CPU Time:Effective Time,CPU Time:Spin Time,CPU Time:Overhead Time,Module,Function (Full),Source File,Start Address
lux::simulation::script::detail::ScriptExecution::waitEvent,0.396311,0.396311,0.0,0.0,lux_engine_simulation_script.dll,"lux::simulation::script::detail::ScriptExecution::waitEvent(struct lux::simulation::script::ScriptInstanceId,class lux::simulation::script::ScriptEventAdmissionHandle)",ScriptExecution.hpp,0x18008a0a0
luaH_Hgetshortstr,0.219046,0.219046,0.0,0.0,lux_lua55.dll,luaH_Hgetshortstr,ltable.c,0x180023600
lux::simulation::script::detail::ScriptExecution::resumeOne,0.212427,0.212427,0.0,0.0,lux_engine_simulation_script.dll,lux::simulation::script::detail::ScriptExecution::resumeOne(struct lux::simulation::script::ScriptAwaitableId),ScriptExecution.hpp,0x1800c6620
lux::simulation::script::ScriptBehavior::captureInvocation,0.165581,0.165581,0.0,0.0,lux_engine_simulation_script_cpp_static.dll,lux::simulation::script::ScriptBehavior::captureInvocation,ScriptBackend.hpp,0x18002ffc2
"lux::simulation::script::ScriptCoroutineAwaiter<int,class `auto lux::simulation::script::ScriptCoroutineContext::wait<int>(class lux::simulation::script::CppScriptEventSource<int> const &)'::`2'::<lambda_1> >::await_suspend",0.126799,0.126799,0.0,0.0,native_lua_complete_tasks.exe,"lux::simulation::script::ScriptCoroutineAwaiter<int,class `auto lux::simulation::script::ScriptCoroutineContext::wait<int>(class lux::simulation::script::CppScriptEventSource<int> const &)'::`2'::<lambda_1> >::await_suspend(struct std::coroutine_handle<struct lux::simulation::script::ScriptCoroutine::promise_type>)",ScriptCoroutine.hpp,0x14004e240
lux::simulation::script::detail::operator==,0.119660,0.119660,0.0,0.0,lux_engine_simulation_script.dll,lux::simulation::script::detail::operator==,ScriptExecution.hpp,0x18006c84f
lux::simulation::script::ScriptOwnedResumeValue::operator=,0.119198,0.119198,0.0,0.0,lux_engine_simulation_script.dll,lux::simulation::script::ScriptOwnedResumeValue::operator=(struct lux::simulation::script::ScriptOwnedResumeValue &&),[Unknown],0x180077a60
lux::simulation::script::detail::ScriptExecution::takeAwaitable,0.103923,0.103923,0.0,0.0,lux_engine_simulation_script.dll,lux::simulation::script::detail::ScriptExecution::takeAwaitable,ScriptExecution.hpp,0x1800c67a8
luaV_execute,0.092297,0.092297,0.0,0.0,lux_lua55.dll,luaV_execute,lvm.c,0x180028680
lux::simulation::script::detail::ScriptEventWaits::Admission::{ctor},0.090615,0.090615,0.0,0.0,lux_engine_simulation_script.dll,lux::simulation::script::detail::ScriptEventWaits::Admission::{ctor},ScriptEventWaits.hpp,0x18008a25f
lux::simulation::script::detail::ScriptExecution::awaitableKey,0.090544,0.090544,0.0,0.0,lux_engine_simulation_script.dll,lux::simulation::script::detail::ScriptExecution::awaitableKey,ScriptExecution.hpp,0x1800887b8
lux::simulation::script::CppStaticScriptBackend::State::resumeCoroutine,0.075914,0.075914,0.0,0.0,lux_engine_simulation_script_cpp_static.dll,"lux::simulation::script::CppStaticScriptBackend::State::resumeCoroutine(void *,struct lux::simulation::script::ScriptStepContext &,struct lux::simulation::script::ScriptResumePacket const &)",CppStaticScriptBridge.cpp,0x180034420
lux::simulation::script::ScriptCoroutineContext::wait<int>,0.075049,0.075049,0.0,0.0,native_lua_complete_tasks.exe,lux::simulation::script::ScriptCoroutineContext::wait<int>(class lux::simulation::script::CppScriptEventSource<int> const &),ScriptCoroutine.hpp,0x14004d230
lux::simulation::script::detail::ScriptExecution::resumeOne::__l2::<lambda_1>::operator(),0.074321,0.074321,0.0,0.0,lux_engine_simulation_script.dll,lux::simulation::script::detail::ScriptExecution::resumeOne::__l2::<lambda_1>::operator(),ScriptExecution.hpp,0x1800c68d9
lux::simulation::script::detail::ScriptExecution::admitAwaitable,0.060914,0.060914,0.0,0.0,lux_engine_simulation_script.dll,"lux::simulation::script::detail::ScriptExecution::admitAwaitable(struct lux::simulation::script::detail::ScriptExecution::ExecutionInstance &,class std::optional<struct lux::simulation::script::PreparedResumeType>,bool)",ScriptExecution.hpp,0x18008cac0
"lux::simulation::script::LuaScriptBackend::Impl::invokeSyncStep<1,0,1,int>",0.060814,0.060814,0.0,0.0,lux_engine_simulation_script_lua.dll,"lux::simulation::script::LuaScriptBackend::Impl::invokeSyncStep<1,0,1,int>(void *,void const * const *,void *,class lux::simulation::script::ScriptInvocationValidity const &)",LuaScriptBackend.cpp,0x1800212b0
lux::simulation::script::detail::ScriptExecution::ResumeBatch::next,0.060677,0.060677,0.0,0.0,lux_engine_simulation_script.dll,lux::simulation::script::detail::ScriptExecution::ResumeBatch::next,ScriptExecution.hpp,0x180079f10
lux::simulation::script::detail::ScriptExecution::awaitableKey,0.060049,0.060049,0.0,0.0,lux_engine_simulation_script.dll,lux::simulation::script::detail::ScriptExecution::awaitableKey,ScriptExecution.hpp,0x1800c665e
ccall,0.058655,0.058655,0.0,0.0,lux_lua55.dll,"ccall(struct lua_State *, union StackValue *, int, unsigned int)",ldo.c,0x18000da70
lux::simulation::script::ScriptCoroutine::promise_type::prepareResume,0.045620,0.045620,0.0,0.0,lux_engine_simulation_script_cpp_static.dll,lux::simulation::script::ScriptCoroutine::promise_type::prepareResume(struct lux::simulation::script::ScriptResumePacket const &),ScriptCoroutine.hpp,0x180031be0
lua_checkstack,0.045212,0.045212,0.0,0.0,lux_lua55.dll,lua_checkstack,lapi.c,0x180001090
"std::vector<lux::simulation::script::detail::ScriptExecution::ContinuationRecord,std::allocator<lux::simulation::script::detail::ScriptExecution::ContinuationRecord> >::size",0.045141,0.045141,0.0,0.0,lux_engine_simulation_script.dll,"std::vector<lux::simulation::script::detail::ScriptExecution::ContinuationRecord,std::allocator<lux::simulation::script::detail::ScriptExecution::ContinuationRecord> >::size",vector,0x1800b1176
"std::vector<lux::simulation::script::detail::ScriptExecution::AwaitableRecord,std::allocator<lux::simulation::script::detail::ScriptExecution::AwaitableRecord> >::operator[]",0.045018,0.045018,0.0,0.0,lux_engine_simulation_script.dll,"std::vector<lux::simulation::script::detail::ScriptExecution::AwaitableRecord,std::allocator<lux::simulation::script::detail::ScriptExecution::AwaitableRecord> >::operator[]",vector,0x18008881e
[Unknown stack frame(s)],0.031281,0.031281,0.0,0.0,[Unknown],[Unknown stack frame(s)],[Unknown],0x0
lux::simulation::script::detail::ScriptExecution::ResumeRing::push,0.031180,0.031180,0.0,0.0,lux_engine_simulation_script.dll,lux::simulation::script::detail::ScriptExecution::ResumeRing::push(struct lux::simulation::script::ScriptAwaitableId),ScriptExecution.hpp,0x180068d00
index2value,0.030612,0.030612,0.0,0.0,lux_lua55.dll,"index2value(struct lua_State *, int)",lapi.c,0x180001000
lux::simulation::script::detail::ScriptRuntimeAccess::matchAdmission,0.030372,0.030372,0.0,0.0,lux_engine_simulation_script.dll,lux::simulation::script::detail::ScriptRuntimeAccess::matchAdmission,ScriptRuntimeAccess.hpp,0x18008a14e
lux::simulation::script::ScriptCoroutineContext::invokeResolvedSyncStep,0.030220,0.030220,0.0,0.0,lux_engine_simulation_script_cpp_static.dll,"lux::simulation::script::ScriptCoroutineContext::invokeResolvedSyncStep(struct lux::simulation::script::PreparedScriptSyncStep const &,unsigned int,void const * const *,void *)",CppStaticScriptBridge.cpp,0x18002ff00
gettable,0.030162,0.030162,0.0,0.0,lux_lua55.dll,"gettable(struct lua_State *, int)",lapi.c,0x180001f70
finishnodeget,0.030145,0.030145,0.0,0.0,lux_lua55.dll,"finishnodeget(const struct TValue *, struct TValue *)",ltable.c,0x180023570
lux::simulation::script::detail::ScriptExecution::attachWaiter,0.030131,0.030131,0.0,0.0,lux_engine_simulation_script.dll,"lux::simulation::script::detail::ScriptExecution::attachWaiter(struct lux::simulation::script::ScriptAwaitableId,struct lux::simulation::script::ScriptInstanceId,struct lux::simulation::script::ScriptContinuationId)",ScriptExecution.hpp,0x1800887a0
_intrinsic_setjmp,0.030119,0.030119,0.0,0.0,VCRUNTIME140.dll,_intrinsic_setjmp,[Unknown],0x18001d7e0
lux::simulation::script::detail::ScriptExecution::unlinkAwaitableOwnership,0.030058,0.030058,0.0,0.0,lux_engine_simulation_script.dll,lux::simulation::script::detail::ScriptExecution::unlinkAwaitableOwnership,ScriptExecution.hpp,0x1800708d3
lux::simulation::script::detail::ScriptExecution::AwaitableStorage::releaseResolved,0.030028,0.030028,0.0,0.0,lux_engine_simulation_script.dll,lux::simulation::script::detail::ScriptExecution::AwaitableStorage::releaseResolved(struct lux::simulation::script::detail::ScriptExecution::AwaitableRecord &),ScriptExecution.hpp,0x180093ed0
lux::simulation::script::ScriptOwnedBytes::operator=,0.030026,0.030026,0.0,0.0,lux_engine_simulation_script.dll,lux::simulation::script::ScriptOwnedBytes::operator=,ScriptRuntime.hpp,0x180077a8a
lux::simulation::script::detail::ScriptExecution::eraseAwaitableRecord,0.030001,0.030001,0.0,0.0,lux_engine_simulation_script.dll,"lux::simulation::script::detail::ScriptExecution::eraseAwaitableRecord(struct lux::simulation::script::detail::ScriptExecution::AwaitableRecord &,struct lux::simulation::script::detail::ScriptExecution::ExecutionAccess)",ScriptExecution.hpp,0x1800708a0
lux::simulation::script::detail::ScriptEventWaits::registerWait,0.029816,0.029816,0.0,0.0,lux_engine_simulation_script.dll,"lux::simulation::script::detail::ScriptEventWaits::registerWait(class lux::simulation::script::detail::ScriptEventWaits::Admission &&,class lux::simulation::script::detail::ScriptEventWaitLink &,struct lux::simulation::script::detail::ScriptWaitIdentity const &)",ScriptEventWaits.hpp,0x1800c6360
lux::simulation::script::detail::ScriptExecution::ExecutionAccess::current,0.027959,0.027959,0.0,0.0,lux_engine_simulation_script.dll,lux::simulation::script::detail::ScriptExecution::ExecutionAccess::current,ScriptExecution.hpp,0x18006c888
lux::simulation::script::ScriptOwnedResumeValue::ScriptOwnedResumeValue,0.015956,0.015956,0.0,0.0,lux_engine_simulation_script.dll,lux::simulation::script::ScriptOwnedResumeValue::ScriptOwnedResumeValue(struct lux::simulation::script::ScriptOwnedResumeValue &&),[Unknown],0x1800707e0
lux::simulation::script::ScriptCoroutineContext::wait::__l2::<lambda_1>::operator(),0.015697,0.015697,0.0,0.0,native_lua_complete_tasks.exe,lux::simulation::script::ScriptCoroutineContext::wait::__l2::<lambda_1>::operator(),ScriptCoroutine.hpp,0x14004e271
lux::simulation::script::ScriptCoroutineContext::allocateFrame,0.015639,0.015639,0.0,0.0,lux_engine_simulation_script_cpp_static.dll,"lux::simulation::script::ScriptCoroutineContext::allocateFrame(unsigned __int64,unsigned __int64)",ScriptCoroutine.hpp,0x18002ace0
lux::simulation::script::detail::ScriptInstances::AuthorityAccess::valid,0.015614,0.015614,0.0,0.0,lux_engine_simulation_script.dll,lux::simulation::script::detail::ScriptInstances::AuthorityAccess::valid,ScriptInstances.hpp,0x18006c8b6
[Import thunk _intrinsic_setjmp],0.015512,0.015512,0.0,0.0,lux_lua55.dll,[Import thunk _intrinsic_setjmp],[Unknown],0x18002c8e6
"lux::cxx::SlotMap<struct lux::simulation::script::detail::ScriptExecution::ContinuationRecord,struct lux::simulation::script::detail::ScriptExecution::ContinuationTag,unsigned int,unsigned int,class std::allocator<struct lux::simulation::script::detail::ScriptExecution::ContinuationRecord> >::find",0.015511,0.015511,0.0,0.0,lux_engine_simulation_script.dll,"lux::cxx::SlotMap<struct lux::simulation::script::detail::ScriptExecution::ContinuationRecord,struct lux::simulation::script::detail::ScriptExecution::ContinuationTag,unsigned int,unsigned int,class std::allocator<struct lux::simulation::script::detail::ScriptExecution::ContinuationRecord> >::find(struct lux::cxx::SlotKey<struct lux::simulation::script::detail::ScriptExecution::ContinuationTag,unsigned int,unsigned int>)",SlotMap.hpp,0x1800b1150
lux::simulation::script::CppStaticScriptBackend::State::releaseCoroutineSlot,0.015471,0.015471,0.0,0.0,lux_engine_simulation_script_cpp_static.dll,lux::simulation::script::CppStaticScriptBackend::State::releaseCoroutineSlot(struct lux::simulation::script::CppStaticScriptBackend::State::CoroutineContinuation &),CppStaticScriptBridge.cpp,0x180031460
lux::simulation::script::ScriptOwnedBytes::releaseSpill,0.015295,0.015295,0.0,0.0,lux_engine_simulation_script.dll,lux::simulation::script::ScriptOwnedBytes::releaseSpill(void),ScriptRuntime.hpp,0x18005eae0
lux::simulation::script::ScriptContinuationId::valid,0.015286,0.015286,0.0,0.0,lux_engine_simulation_script.dll,lux::simulation::script::ScriptContinuationId::valid,ScriptRuntime.hpp,0x180079b1a
lua_pcallk,0.015121,0.015121,0.0,0.0,lux_lua55.dll,lua_pcallk,lapi.c,0x1800027e0
``lux::simulation::script::detail::ScriptInstances::beginConstruction'::`2'::<lambda_1>::operator()'::`2'::<lambda_1>::<lambda_invoker_cdecl>,0.015119,0.015119,0.0,0.0,lux_engine_simulation_script.dll,"``lux::simulation::script::detail::ScriptInstances::beginConstruction'::`2'::<lambda_1>::operator()'::`2'::<lambda_1>::<lambda_invoker_cdecl>(const void *, struct lux::simulation::script::ScriptInstanceId, unsigned __int64, unsigned char)",ScriptInstances.cpp,0x180034e20
lux::simulation::script::detail::ScriptExecution::AwaitableStorage::find,0.015110,0.015110,0.0,0.0,lux_engine_simulation_script.dll,lux::simulation::script::detail::ScriptExecution::AwaitableStorage::find,ScriptExecution.hpp,0x1800887e4
lux::simulation::script::ScriptEventWaitFactory::wait,0.015108,0.015108,0.0,0.0,native_lua_complete_tasks.exe,lux::simulation::script::ScriptEventWaitFactory::wait,ScriptRuntime.hpp,0x14004e2a1
lux::simulation::script::ScriptInvocationValidity::valid,0.015107,0.015107,0.0,0.0,lux_engine_simulation_script_lua.dll,lux::simulation::script::ScriptInvocationValidity::valid,ScriptBackend.hpp,0x1800213c1
lux::simulation::script::detail::ScriptExecution::continuationKey,0.015106,0.015106,0.0,0.0,lux_engine_simulation_script.dll,lux::simulation::script::detail::ScriptExecution::continuationKey,ScriptExecution.hpp,0x1800c6713
"std::vector<lux::simulation::HookChannel<lux::simulation::SimulationBroadcastRoute,int>::Lane,std::allocator<lux::simulation::HookChannel<lux::simulation::SimulationBroadcastRoute,int>::Lane> >::size",0.015100,0.015100,0.0,0.0,native_lua_complete_tasks.exe,"std::vector<lux::simulation::HookChannel<lux::simulation::SimulationBroadcastRoute,int>::Lane,std::allocator<lux::simulation::HookChannel<lux::simulation::SimulationBroadcastRoute,int>::Lane> >::size",vector,0x140047710
std::exchange,0.015099,0.015099,0.0,0.0,lux_engine_simulation_script.dll,std::exchange,utility,0x180070818
lux::simulation::script::ScriptSystem::State::drainResumes,0.015098,0.015098,0.0,0.0,lux_engine_simulation_script.dll,lux::simulation::script::ScriptSystem::State::drainResumes,ScriptSystem.cpp,0x180079eca
lux::simulation::script::ScriptCoroutineSyncStep<void (int)>::operator()<int const &>,0.015097,0.015097,0.0,0.0,native_lua_complete_tasks.exe,lux::simulation::script::ScriptCoroutineSyncStep<void (int)>::operator()<int const &>(int const &),ScriptCoroutine.hpp,0x14004b3d0
"std::vector<lux::simulation::script::detail::ScriptExecution::ContinuationRecord,std::allocator<lux::simulation::script::detail::ScriptExecution::ContinuationRecord> >::operator[]",0.015095,0.015095,0.0,0.0,lux_engine_simulation_script.dll,"std::vector<lux::simulation::script::detail::ScriptExecution::ContinuationRecord,std::allocator<lux::simulation::script::detail::ScriptExecution::ContinuationRecord> >::operator[]",vector,0x1800b11a5
index2stack,0.015091,0.015091,0.0,0.0,lux_lua55.dll,"index2stack(struct lua_State *, int)",lapi.c,0x180001070
lux::simulation::script::PreparedResumeType::{ctor},0.015085,0.015085,0.0,0.0,lux_engine_simulation_script.dll,lux::simulation::script::PreparedResumeType::{ctor},ScriptRuntime.hpp,0x180093f06
lux::simulation::script::ScriptAwaitableFactory::{ctor},0.015081,0.015081,0.0,0.0,lux_engine_simulation_script.dll,lux::simulation::script::ScriptAwaitableFactory::{ctor},ScriptRuntime.hpp,0x1800c68a8
lux::simulation::script::ScriptCoroutine::promise_type::return_void,0.015077,0.015077,0.0,0.0,native_lua_complete_tasks.exe,lux::simulation::script::ScriptCoroutine::promise_type::return_void,ScriptCoroutine.hpp,0x14004ee98
lux::simulation::script::detail::ScriptExecution::waitEventErased,0.015075,0.015075,0.0,0.0,lux_engine_simulation_script.dll,"lux::simulation::script::detail::ScriptExecution::waitEventErased(void *,struct lux::simulation::script::ScriptInstanceId,class lux::simulation::script::ScriptEventAdmissionHandle)",ScriptExecution.hpp,0x1800905d0
prepCallInfo,0.015075,0.015075,0.0,0.0,lux_lua55.dll,"prepCallInfo(struct lua_State *, union StackValue *, unsigned int, union StackValue *)",ldo.c,0x18000d5f0
lux::simulation::script::detail::ScriptExecution::AwaitableStorage::acquire,0.015067,0.015067,0.0,0.0,lux_engine_simulation_script.dll,lux::simulation::script::detail::ScriptExecution::AwaitableStorage::acquire,ScriptExecution.hpp,0x18008cb1c
`lux::simulation::script::detail::ScriptInstances::beginConstruction'::`2'::<lambda_1>::<lambda_invoker_cdecl>,0.015065,0.015065,0.0,0.0,lux_engine_simulation_script.dll,`lux::simulation::script::detail::ScriptInstances::beginConstruction'::`2'::<lambda_1>::<lambda_invoker_cdecl>(const void *),ScriptInstances.cpp,0x180034ec0
lux::simulation::script::detail::ScriptExecution::ExecutionAccess::current,0.015060,0.015060,0.0,0.0,lux_engine_simulation_script.dll,lux::simulation::script::detail::ScriptExecution::ExecutionAccess::current,ScriptExecution.hpp,0x1800c6800
luaD_rawrunprotected,0.015056,0.015056,0.0,0.0,lux_lua55.dll,luaD_rawrunprotected,ldo.c,0x18000cbd0
lux::simulation::na1::cost::Tasks::longTask_ResumeCoro1,0.015049,0.015049,0.0,0.0,native_lua_complete_tasks.exe,lux::simulation::na1::cost::Tasks::longTask_ResumeCoro1(),Tasks.hpp,0x14004ec80
"std::vector<lux::simulation::script::ScriptAwaitableId,std::allocator<lux::simulation::script::ScriptAwaitableId> >::capacity",0.014997,0.014997,0.0,0.0,lux_engine_simulation_script.dll,"std::vector<lux::simulation::script::ScriptAwaitableId,std::allocator<lux::simulation::script::ScriptAwaitableId> >::capacity",vector,0x18008eaf7
lua_settop,0.014997,0.014997,0.0,0.0,lux_lua55.dll,lua_settop,lapi.c,0x1800011d0
"std::vector<lux::simulation::script::ScriptAwaitableId,std::allocator<lux::simulation::script::ScriptAwaitableId> >::push_back",0.014985,0.014985,0.0,0.0,lux_engine_simulation_script.dll,"std::vector<lux::simulation::script::ScriptAwaitableId,std::allocator<lux::simulation::script::ScriptAwaitableId> >::push_back",vector,0x18008eb22
"std::vector<lux::simulation::script::detail::ScriptExecution::ExecutionInstance,std::allocator<lux::simulation::script::detail::ScriptExecution::ExecutionInstance> >::size",0.014970,0.014970,0.0,0.0,lux_engine_simulation_script.dll,"std::vector<lux::simulation::script::detail::ScriptExecution::ExecutionInstance,std::allocator<lux::simulation::script::detail::ScriptExecution::ExecutionInstance> >::size",vector,0x180077b33
lux::simulation::script::ScriptBackendContinuation::operator bool,0.014941,0.014941,0.0,0.0,lux_engine_simulation_script.dll,lux::simulation::script::ScriptBackendContinuation::operator bool,ScriptRuntime.hpp,0x1800c477d
lux::simulation::script::detail::ScriptExecution::releaseSource,0.014903,0.014903,0.0,0.0,lux_engine_simulation_script.dll,lux::simulation::script::detail::ScriptExecution::releaseSource(struct lux::simulation::script::detail::ScriptExecution::AwaitableRecord &),ScriptExecution.hpp,0x180066a00
lux::simulation::script::detail::ScriptExecution::AwaitableStorage::find,0.014902,0.014902,0.0,0.0,lux_engine_simulation_script.dll,lux::simulation::script::detail::ScriptExecution::AwaitableStorage::find,ScriptExecution.hpp,0x18006c7bd
luaD_precall,0.014814,0.014814,0.0,0.0,lux_lua55.dll,luaD_precall,ldo.c,0x18000d910
lux::simulation::script::detail::ScriptInstances::beginConstruction::__l2::<lambda_1>::()::__l2::<lambda_1>::operator(),0.014785,0.014785,0.0,0.0,lux_engine_simulation_script.dll,lux::simulation::script::detail::ScriptInstances::beginConstruction::__l2::<lambda_1>::()::__l2::<lambda_1>::operator(),ScriptInstances.cpp,0x180034e20
lux::simulation::script::ScriptOwnedBytes::{ctor},0.014605,0.014605,0.0,0.0,lux_engine_simulation_script.dll,lux::simulation::script::ScriptOwnedBytes::{ctor},ScriptRuntime.hpp,0x180093f23
lux::simulation::script::detail::ScriptBindings::eventEndpoint,0.014534,0.014534,0.0,0.0,lux_engine_simulation_script.dll,lux::simulation::script::detail::ScriptBindings::eventEndpoint(unsigned int),ScriptBindings.cpp,0x18002d360
lux::simulation::script::operator==,0.014248,0.014248,0.0,0.0,lux_engine_simulation_script.dll,lux::simulation::script::operator==,ScriptRuntimeAccess.hpp,0x1800c685f
lux::simulation::script::operator==,0.013633,0.013633,0.0,0.0,lux_engine_simulation_script.dll,lux::simulation::script::operator==,ScriptRuntimeAccess.hpp,0x18008a131
luaH_psetshortstr,0.013359,0.013359,0.0,0.0,lux_lua55.dll,luaH_psetshortstr,ltable.c,0x180023890
