Id,Domain,LegacyCapability,SourceFile,OperationSchema,TargetOwner,InputProducer,GraphOrBehavior,RequiredAcceptance,MigrationGate,Status,SourceSHA,Notes,NewDesignChapter,ImplementationPhase,AcceptanceTag,EvidenceRequired,ActualImplementationSHA,QualificationSHA,QualifiedStatus
F01,Geometry,MeshStack instance/transform/visibility/retire,render_legacy/modules/function/render/features/src/renderer/features/meshstack/StandardMeshStackFeature.cpp,render_legacy/modules/function/render/features/include/lux/engine/function/render/features/meshstack/MeshStackOperation.hpp,MeshSceneData/InstanceResources,ECS MeshProjection,"provider; GPU instance, visible flags","instance create/update/remove, RMesh/RMaterial ready, two-scene shared mesh, transition/rebase",PARITY-G,NOT_MIGRATED,a669409a289a6fa4092f21176397795b1cdb7f3e,,03+09+10,F8,F01-GATE,"C,L,S,N,T,P",,,NOT_MIGRATED
F02,Geometry,Forward GPU-driven mesh,render_legacy/modules/function/render/features/src/renderer/features/forward/ForwardMeshFeature.cpp,render_legacy/modules/function/render/features/include/lux/engine/function/render/features/forward/ForwardMeshOperation.hpp,Forward FeatureInstance,MeshSceneData+MaterialSceneData,cull/compact+forward draw variants,"unlit/PBR/stylized, indirect variants, same view mixed geometry",PARITY-G,NOT_MIGRATED,a669409a289a6fa4092f21176397795b1cdb7f3e,,03+09+10,F8,F02-GATE,"C,L,S,N,T,P",,,NOT_MIGRATED
F03,Geometry,Deferred GBuffer GPU-driven mesh,render_legacy/modules/function/render/features/src/renderer/features/deferred/DeferredGBufferFeature.cpp,render_legacy/modules/function/render/features/include/lux/engine/function/render/features/deferred/DeferredGBufferOperation.hpp,GBuffer FeatureInstance,MeshSceneData+MaterialSceneData,cull/compact+MRT GBuffer,"GBuffer formats, samples, depth, shader variants, local read fallback",PARITY-G,NOT_MIGRATED,a669409a289a6fa4092f21176397795b1cdb7f3e,,03+09+10,F8,F03-GATE,"C,L,S,N,T,P",,,NOT_MIGRATED
F04,Light,Deferred clustered lighting,render_legacy/modules/function/render/features/src/renderer/features/deferred/DeferredLightingFeature.cpp,render_legacy/modules/function/render/features/include/lux/engine/function/render/features/deferred/DeferredLightingOperation.hpp,Lighting FeatureInstance,LightSceneData+GBuffer,cluster build/count/scan/fill+lighting,"cluster overflow, shadow coupling, GBuffer+pass input binding",PARITY-L,NOT_MIGRATED,a669409a289a6fa4092f21176397795b1cdb7f3e,,03+09+10,F9,F04-GATE,"C,L,S,N,T,P",,,NOT_MIGRATED
F05,Light,Light scene data provider,render_legacy/modules/function/render/features/src/renderer/features/light/LightFeature.cpp,render_legacy/modules/function/render/features/include/lux/engine/function/render/features/light/LightOperation.hpp,LightSceneData provider,LightProjection,persistent light SoA; no pass required,"dir/point/spot/area, remove/transitions, Forward+Deferred+Shadow",PARITY-L,NOT_MIGRATED,a669409a289a6fa4092f21176397795b1cdb7f3e,,03+09+10,F9,F05-GATE,"C,L,S,N,T,P",,,NOT_MIGRATED
F06,Material,StandardMaterial / graph materials,render_legacy/modules/function/render/features/src/renderer/features/material/StandardMaterialFeature.cpp,render_legacy/modules/function/render/features/include/lux/engine/function/render/features/material/MaterialOperation.hpp,MaterialSceneData/runtime asset,MaterialEditor/AssetLoad,"graph family, shader permutations, texture residency","GraphMaterial upload/modify/delete, PBR/stylized/unlit, shader variant",PARITY-G,NOT_MIGRATED,a669409a289a6fa4092f21176397795b1cdb7f3e,,03+09+10,F8,F06-GATE,"C,L,S,N,T,P",,,NOT_MIGRATED
F07,Geometry,Depth prepass,render_legacy/modules/function/render/features/src/renderer/features/DepthPrepassFeature.cpp,render_legacy/modules/function/render/features/include/lux/engine/function/render/features/DepthPrepassOperation.hpp,View graphics path,Depth prepass inputs,depth attachment pass,"test depth resolution, producers, format & LOAD semantics",PARITY-G,NOT_MIGRATED,a669409a289a6fa4092f21176397795b1cdb7f3e,,03+09+10,F8,F07-GATE,"C,L,S,N,T,P",,,NOT_MIGRATED
F08,Shadow,ShadowMap PCF/EVSM/CSM,render_legacy/modules/function/render/features/src/renderer/features/shadow/ShadowMapFeature.cpp,render_legacy/modules/function/render/features/include/lux/engine/function/render/features/shadow/ShadowMapOperation.hpp,ShadowSceneData+atlas owner,LightSceneData/settings,shadow atlas/page/cascade+EVSM blur,"PCF+EVSM, CSM, native shadow quality, overflow/replacement",PARITY-L,NOT_MIGRATED,a669409a289a6fa4092f21176397795b1cdb7f3e,,10+11,F9,F08-GATE,"C,L,S,N,T,P",,,NOT_MIGRATED
F09,Shadow,Mesh shadow GPU-driven casting,render_legacy/modules/function/render/features/src/renderer/features/shadow/MeshShadowFeature.cpp,render_legacy/modules/function/render/features/include/lux/engine/function/render/features/shadow/MeshShadowOperation.hpp,MeshShadow FeatureInstance,MeshSceneData+ShadowSceneData,cull+compact+shadow casters,"caster techniques, material alpha, slices, mixed forward/deferred",PARITY-L,NOT_MIGRATED,a669409a289a6fa4092f21176397795b1cdb7f3e,,10+11,F9,F09-GATE,"C,L,S,N,T,P",,,NOT_MIGRATED
F10,Visibility,HZB mip build and view history,render_legacy/modules/function/render/features/src/renderer/features/hzb/HzbFeature.cpp,render_legacy/modules/function/render/features/include/lux/engine/function/render/features/hzb/HzbOperation.hpp,HZB view history owner,Camera+Depth,mip compute & sampled history,"per-mip barriers, previous history invalidation, async fallback",PARITY-P,NOT_MIGRATED,a669409a289a6fa4092f21176397795b1cdb7f3e,,03+09+10,F9,F10-GATE,"C,L,N,T,P",,,NOT_MIGRATED
F11,Visibility,Spatial cell coarse culling,render_legacy/modules/function/render/features/src/renderer/features/spatialcull/SpatialCullFeature.cpp,render_legacy/modules/function/render/features/include/lux/engine/function/render/features/spatialcull/SpatialCullOperation.hpp,SpatialCullGrid data owner,Mesh/camera/page changes,provider/cull mask,"streaming distance, parent/rebase, no forced pass",PARITY-G,NOT_MIGRATED,a669409a289a6fa4092f21176397795b1cdb7f3e,,03+09+10,F8,F11-GATE,"C,L,N,T,P",,,NOT_MIGRATED
F12,Geometry,GPU pre-skinning / bone palette,render_legacy/modules/function/render/features/src/renderer/features/skinning/SkinningFeature.cpp,render_legacy/modules/function/render/features/include/lux/engine/function/render/features/skinning/SkinningOperation.hpp,SkinningResources provider,Animation pose/bone palette,compute skin → vertex pool → draws,"bone batch, nonalias & known cross-frame WAR negative",PARITY-G,NOT_MIGRATED,a669409a289a6fa4092f21176397795b1cdb7f3e,,03+09+10,F8,F12-GATE,"C,L,S,N,T,P",,,NOT_MIGRATED
F13,Geometry,RenderCluster hierarchy / GPU cull / raster picking,render_legacy/modules/function/render/features/src/renderer/features/render_cluster/RenderClusterFeature.cpp,render_legacy/modules/function/render/features/include/lux/engine/function/render/features/render_cluster/RenderClusterOperation.hpp,RenderClusterResources provider,Cluster pages/Editor picking,cull/expand/draw/pick,"page hierarchy, GPU cull, asynchronous stale-view picking",PARITY-G,NOT_MIGRATED,a669409a289a6fa4092f21176397795b1cdb7f3e,,03+09+10,F8,F13-GATE,"C,L,S,N,T,P",,,NOT_MIGRATED
F14,Camera,Standard per-View camera,render_legacy/modules/function/render/features/src/renderer/features/view_camera/StandardViewCameraFeature.cpp,render_legacy/modules/function/render/features/include/lux/engine/function/render/features/view_camera/ViewCameraOperation.hpp,ViewCameraData provider,ECS/Editor/robotic Camera,"provider only, View matrices/frustum","view switch, origin rebase, independent editor camera",DATA1,NOT_MIGRATED,a669409a289a6fa4092f21176397795b1cdb7f3e,,03+09+10,F8,F14-GATE,"C,L,N,T,P",,,NOT_MIGRATED
F15,Effect,Tonemap / exposure,render_legacy/modules/function/render/features/src/renderer/features/postprocess/TonemapFeature.cpp,render_legacy/modules/function/render/features/include/lux/engine/function/render/features/postprocess/TonemapOperation.hpp,View effect state,View effect params,PassParams + fullscreen pass,"Generated parameters/layout, image semantic, exposure pipeline",PARITY-P,NOT_MIGRATED,a669409a289a6fa4092f21176397795b1cdb7f3e,,03+09+10,F9,F15-GATE,"C,L,S,N,T,P",,,NOT_MIGRATED
F16,Effect,SSAO,render_legacy/modules/function/render/features/src/renderer/features/postprocess/SsaoFeature.cpp,render_legacy/modules/function/render/features/include/lux/engine/function/render/features/postprocess/SsaoOperation.hpp,View effect state,LinearDepth,AO texture + sample,"AO correctness, shared lighting input, no uninitialized reading",PARITY-P,NOT_MIGRATED,a669409a289a6fa4092f21176397795b1cdb7f3e,,03+09+10,F9,F16-GATE,"C,L,S,N,T,P",,,NOT_MIGRATED
F17,Effect,Linear Depth,render_legacy/modules/function/render/features/src/renderer/features/postprocess/LinearDepthFeature.cpp,render_legacy/modules/function/render/features/include/lux/engine/function/render/features/postprocess/LinearDepthOperation.hpp,View resource,SceneDepth,depth conversion/export,"reverse-Z, linearization, shader resource/layout",PARITY-P,NOT_MIGRATED,a669409a289a6fa4092f21176397795b1cdb7f3e,,03+09+10,F9,F17-GATE,"C,L,S,N,T,P",,,NOT_MIGRATED
F18,Effect,Fog,render_legacy/modules/function/render/features/src/renderer/features/postprocess/FogFeature.cpp,render_legacy/modules/function/render/features/include/lux/engine/function/render/features/postprocess/FogOperation.hpp,View effect state,LitColor+LinearDepth,fog compositing,"fog params, output chain, differing Views",PARITY-P,NOT_MIGRATED,a669409a289a6fa4092f21176397795b1cdb7f3e,,03+09+10,F9,F18-GATE,"C,L,S,N,T,P",,,NOT_MIGRATED
F19,Effect,Highlight mask blur composite,render_legacy/modules/function/render/features/src/renderer/features/highlight/HighlightFeature.cpp,render_legacy/modules/function/render/features/include/lux/engine/function/render/features/highlight/HighlightOperation.hpp,View effect/selection,Editor target selection,GPU mask+blur+composite,"PassParams layout, mask/multi-object, alpha, View scoped",PARITY-P,NOT_MIGRATED,a669409a289a6fa4092f21176397795b1cdb7f3e,,03+09+10,F9,F19-GATE,"C,L,S,N,T,P",,,NOT_MIGRATED
F20,Effect,Skybox cubemap/equirect,render_legacy/modules/function/render/features/src/renderer/features/sky_box/SkyboxFeature.cpp,render_legacy/modules/function/render/features/include/lux/engine/function/render/features/sky_box/SkyboxOperation.hpp,Skybox per-scene/environment,Asset texture/selection,background pass,"cubemap/equirect, shader variant, consistent depth/order",PARITY-L,NOT_MIGRATED,a669409a289a6fa4092f21176397795b1cdb7f3e,,03+09+10,F9,F20-GATE,"C,L,S,N,T,P",,,NOT_MIGRATED
F21,Editor,Grid 2D,render_legacy/modules/function/render/features/src/renderer/features/grid/Grid2DPassFeature.cpp,render_legacy/modules/function/render/features/include/lux/engine/function/render/features/grid/Grid2DOperation.hpp,View effect,Editor 2D controls,under/over overlay passes,grid order vs Canvas grouping and blend,PARITY-C,NOT_MIGRATED,a669409a289a6fa4092f21176397795b1cdb7f3e,,03+09+10,F10,F21-GATE,"C,L,S,N,T,P",,,NOT_MIGRATED
F22,Editor,Grid 3D,render_legacy/modules/function/render/features/src/renderer/features/grid/Grid3DPassFeature.cpp,render_legacy/modules/function/render/features/include/lux/engine/function/render/features/grid/Grid3DOperation.hpp,View effect,Editor 3D controls,overlay/depth pass,"XRay/depth toggles, separate per-view parameters",PARITY-P,NOT_MIGRATED,a669409a289a6fa4092f21176397795b1cdb7f3e,,03+09+10,F10,F22-GATE,"C,L,S,N,T,P",,,NOT_MIGRATED
F23,Editor,Gizmo transient line,render_legacy/modules/function/render/features/src/renderer/features/gizmo/LineListTransientFeature.cpp,render_legacy/modules/function/render/features/include/lux/engine/function/render/features/gizmo/LineListOperation.hpp,View transient buffer,Editor procedural geometry,line overlays,"finite packet/retire, line width, origin and multi-view",PARITY-P,NOT_MIGRATED,a669409a289a6fa4092f21176397795b1cdb7f3e,,03+09+10,F10,F23-GATE,"C,L,S,N,T,P",,,NOT_MIGRATED
F24,Editor,Gizmo transient triangle,render_legacy/modules/function/render/features/src/renderer/features/gizmo/TriOverlayTransientFeature.cpp,render_legacy/modules/function/render/features/include/lux/engine/function/render/features/gizmo/TriOverlayOperation.hpp,View transient buffer,Editor procedural geometry,triangle overlays,"copy/retire, blend/geometry, GPU readback",PARITY-P,NOT_MIGRATED,a669409a289a6fa4092f21176397795b1cdb7f3e,,03+09+10,F10,F24-GATE,"C,L,S,N,T,P",,,NOT_MIGRATED
F25,2D,Canvas2D image/pixel field/tilemap/grouping,render_legacy/modules/function/render/features/src/renderer/features/canvas2d/Canvas2DFeature.cpp,render_legacy/modules/function/render/features/include/lux/engine/function/render/features/canvas2d/Canvas2DOperation.hpp,Canvas2D scene instance arena,ECS2D/Editor/assets,"GPU-resident images, pixel fields, tilemaps, group RT","three content kinds, sort key, premultiplied alpha, grouped composite",PARITY-C,NOT_MIGRATED,a669409a289a6fa4092f21176397795b1cdb7f3e,,03+09+10,F10,F25-GATE,"C,L,S,N,T,P",,,NOT_MIGRATED
F26,Geometry,Terrain page stream/LOD/fallback,render_legacy/modules/function/render/features/src/renderer/features/terrain/TerrainFeature.cpp,render_legacy/modules/function/render/features/include/lux/engine/function/render/features/terrain/TerrainOperation.hpp,TerrainResources+hierarchical cache,Asset paging/Camera,GPU patch select+GBuffer,"parent fallback, minmax, capacity, rebase, 2 Views",PARITY-C,NOT_MIGRATED,a669409a289a6fa4092f21176397795b1cdb7f3e,,03+09+10,F10,F26-GATE,"C,L,S,N,T,P",,,NOT_MIGRATED
F27,Geometry,Water surfaces,render_legacy/modules/function/render/features/src/renderer/features/water/WaterFeature.cpp,render_legacy/modules/function/render/features/include/lux/engine/function/render/features/water/WaterOperation.hpp,WaterSceneData,WaterSurface ECS,transfer+depth/fog composite,"CRUD/params/resize, shader water output",PARITY-P,NOT_MIGRATED,a669409a289a6fa4092f21176397795b1cdb7f3e,,03+09+10,F10,F27-GATE,"C,L,S,N,T,P",,,NOT_MIGRATED
F28,Robotics,Trajectory lines,render_legacy/modules/function/render/features/src/renderer/features/trajectory/TrajectoryLineFeature.cpp,render_legacy/modules/function/render/features/include/lux/engine/function/render/features/trajectory/TrajectoryOperation.hpp,Trajectory GPU buffer,Robotics trajectory data,line-strip per slot,create/append/replace/remove/clear and large batch,PARITY-C,NOT_MIGRATED,a669409a289a6fa4092f21176397795b1cdb7f3e,,03+09+10,F10,F28-GATE,"C,L,S,N,T,P",,,NOT_MIGRATED
F29,Editor,Streaming visual feedback,render_legacy/modules/function/render/features/src/renderer/features/streaming_feedback/StreamingFeedbackFeature.cpp,render_legacy/modules/function/render/features/include/lux/engine/function/render/features/streaming_feedback/StreamingFeedbackOperation.hpp,Feedback state/mask,streaming/Editor input,cull+mask+composite,"effect/no-data toggles, generated PassParams/feedback",PARITY-P,NOT_MIGRATED,a669409a289a6fa4092f21176397795b1cdb7f3e,,03+09+10,F10,F29-GATE,"C,L,S,N,T,P",,,NOT_MIGRATED
F30,PointCloud,PointCloud Simple: CPU-fed direct point cloud,render_legacy/modules/function/render/features/src/renderer/features/point_cloud/PCFeatureSimple.cpp,render_legacy/modules/function/render/features/include/lux/engine/function/render/features/point_cloud/PointCloudOperation.hpp,PointCloudResources + per-view cull,PointCloud packet/camera,point cloud variant pipeline,"direct draw/count, vertex resources",PARITY-C,NOT_MIGRATED,a669409a289a6fa4092f21176397795b1cdb7f3e,,03+09+10,F10,F30-GATE,"C,L,S,N,T,P",,,NOT_MIGRATED
F31,PointCloud,PointCloud GPUDriven: compute cull/indirect GPU-driven points,render_legacy/modules/function/render/features/src/renderer/features/point_cloud/PCFeatureGPUDriven.cpp,render_legacy/modules/function/render/features/include/lux/engine/function/render/features/point_cloud/PointCloudOperation.hpp,PointCloudResources + per-view cull,PointCloud packet/camera,point cloud variant pipeline,indirect generation and cull correctness,PARITY-C,NOT_MIGRATED,a669409a289a6fa4092f21176397795b1cdb7f3e,,03+09+10,F10,F31-GATE,"C,L,S,N,T,P",,,NOT_MIGRATED
F32,PointCloud,PointCloud LOD: point size/depth LOD octree,render_legacy/modules/function/render/features/src/renderer/features/point_cloud/PCFeatureLOD.cpp,render_legacy/modules/function/render/features/include/lux/engine/function/render/features/point_cloud/PointCloudOperation.hpp,PointCloudResources + per-view cull,PointCloud packet/camera,point cloud variant pipeline,"LOD selection, camera and rebase",PARITY-C,NOT_MIGRATED,a669409a289a6fa4092f21176397795b1cdb7f3e,,03+09+10,F10,F32-GATE,"C,L,S,N,T,P",,,NOT_MIGRATED
F33,PointCloud,PointCloud Splatting: Gaussian soft-splat point cloud (not full 3DGS),render_legacy/modules/function/render/features/src/renderer/features/point_cloud/PCFeatureSplatting.cpp,render_legacy/modules/function/render/features/include/lux/engine/function/render/features/point_cloud/PointCloudOperation.hpp,PointCloudResources + per-view cull,PointCloud packet/camera,point cloud variant pipeline,"alpha/depth and shader output, no false 3DGS claim",PARITY-C,NOT_MIGRATED,a669409a289a6fa4092f21176397795b1cdb7f3e,,03+09+10,F10,F33-GATE,"C,L,S,N,T,P",,,NOT_MIGRATED
F34,PointCloud,PointCloud Transient: per-frame transient points,render_legacy/modules/function/render/features/src/renderer/features/point_cloud/PCFeatureTransient.cpp,render_legacy/modules/function/render/features/include/lux/engine/function/render/features/point_cloud/PointCloudOperation.hpp,PointCloudResources + per-view cull,PointCloud packet/camera,point cloud variant pipeline,"packet lifetime, GPU FIF/ring/backpressure",PARITY-C,NOT_MIGRATED,a669409a289a6fa4092f21176397795b1cdb7f3e,,03+09+10,F10,F34-GATE,"C,L,S,N,T,P",,,NOT_MIGRATED
F35,PointCloud,GPU point resource storage & octree,render_legacy/modules/function/render/vulkan/src/resources/point_cloud/PointCloudGlobalBuffer.cpp,render_legacy/modules/function/render/features/include/lux/engine/function/render/features/point_cloud/PointCloudOperation.hpp,point buffer/octree owner,PointCloud UPLOAD,storage provider for 5 strategies,"resident bytes, GPU validation and shared ownership",PARITY-C,NOT_MIGRATED,a669409a289a6fa4092f21176397795b1cdb7f3e,,03+09+10,F10,F35-GATE,"C,L,S,N,T,P",,,NOT_MIGRATED
F36,Robotics,Scene-level trajectory global buffer,render_legacy/modules/function/render/vulkan/src/resources/TrajectoryGlobalBuffer.cpp,render_legacy/modules/function/render/features/include/lux/engine/function/render/features/trajectory/TrajectoryOperation.hpp,TrajectoryGlobalBuffer owner,Trajectory UPLOAD,vertex range maintenance,slot generation/append/replace and GPU retire,PARITY-C,NOT_MIGRATED,a669409a289a6fa4092f21176397795b1cdb7f3e,,03+09+10,F10,F36-GATE,"C,L,S,N,T,P",,,NOT_MIGRATED
I01,Graph,Fluent graph authoring/Pass builder,render_legacy/modules/function/render/vulkan/include/lux/engine/render/graph/RGBuilder.hpp,,GraphBuilder,Feature author,resources/pass declarations,reconstructed fluent typed API parity,RG1,NOT_MIGRATED,a669409a289a6fa4092f21176397795b1cdb7f3e,,04+06+07,F1,I01-GATE,"C,L,N,P,T",,,NOT_MIGRATED
I02,Graph,Logical hazard analyzer,render_legacy/modules/function/render/graph/src/DependencyAnalyzer.cpp,,LogicalGraphPlan,Graph Pass accesses,RAW/WAW/WAR/topological order,injected generated DAG oracle/subresource,RG2,R3_LIMITED,a669409a289a6fa4092f21176397795b1cdb7f3e,,04+06+07,F2,I02-GATE,"C,L,N,P,T",,,HISTORICAL_BASELINE_ONLY
I03,Graph,Native graph compilation/barriers,render_legacy/modules/function/render/vulkan/src/graph/RenderGraphCompiler.cpp,,ExecutableGraphPlan,LogicalPlan + ShaderInterface,sync2/queue/attachments/lifetime,real GPU independent/native validation,RG3,NOT_MIGRATED,a669409a289a6fa4092f21176397795b1cdb7f3e,,04+06+07,F4,I03-GATE,"C,L,N,P,T",,,NOT_MIGRATED
I04,Graph,Graph recorder and executable program,render_legacy/modules/function/render/vulkan/src/graph/RGVulkanRecorder.cpp,,Graph executor,FrameGraphBindings,prebuilt record recipes,"1M fixed record alloc=0, dynamic View",RG4,NOT_MIGRATED,a669409a289a6fa4092f21176397795b1cdb7f3e,,04+06+07,F4,I04-GATE,"C,L,N,P,T",,,NOT_MIGRATED
I05,Graph,Physical transient allocator/aliasing,render_legacy/modules/function/render/vulkan/src/graph/RGVulkanResourceAllocator.cpp,,GraphInstance native resource,ExecutablePlan/Frame,alloc/alias/free,actual VMA alias/noalias parity and async safety,RG3,NOT_MIGRATED,a669409a289a6fa4092f21176397795b1cdb7f3e,,04+06+07,F4,I05-GATE,"C,L,N,P,T",,,NOT_MIGRATED
I06,Graph,Transactional graph cache,render_legacy/modules/function/render/vulkan/src/scene/SceneGraphCache.cpp,,View/Graph plan owner,Topology change,last-good graph/retire,"failed compile retains active graph, fence proof",RG4,NOT_MIGRATED,a669409a289a6fa4092f21176397795b1cdb7f3e,,04+06+07,F5,I06-GATE,"C,L,N,P,T",,,NOT_MIGRATED
I07,Shader,Generated PassParams HPP,render_legacy/modules/function/render/cmake/template/pass_params_hpp.template,,PassParam schema author,LUX_PASS_PARAMS,typed GraphIO + descriptor writes,layouts push constants and shader C++ matching,RG1,NOT_MIGRATED,a669409a289a6fa4092f21176397795b1cdb7f3e,,05,F1,I07-GATE,"C,S,N,K",,,NOT_MIGRATED
I08,Shader,Generated PassParams GLSL,render_legacy/modules/function/render/cmake/template/pass_params_glslh.template,,PassParam schema author,LUX_PASS_PARAMS,shader generated source,shader reflected symbol/type/version golden,RG1,NOT_MIGRATED,a669409a289a6fa4092f21176397795b1cdb7f3e,,05,F1,I08-GATE,"C,S,N,K",,,NOT_MIGRATED
I09,Shader,Layout plan/descriptor layout,render_legacy/modules/function/render/vulkan/sinclude/lux/engine/render/graph/LayoutPlan.hpp,,ShaderLayoutPlan,Shader reflection/contracts,shared full shapes/slot allocation,mobile descriptor budget & full-shape compat,RG3,NOT_MIGRATED,a669409a289a6fa4092f21176397795b1cdb7f3e,,05,F3,I09-GATE,"C,S,N,K",,,NOT_MIGRATED
I10,Shader,SPIR-V binding relocation,render_legacy/modules/function/render/vulkan/src/gpu/pipeline/SpirvPatcher.cpp,,Shader LayoutPlan,Canonical SPIR-V,cold relocations,re-reflection validation and stable cache key,RG3,NOT_MIGRATED,a669409a289a6fa4092f21176397795b1cdb7f3e,,05,F3,I10-GATE,"C,S,N,K",,,NOT_MIGRATED
I11,Shader,Engine shared descriptor set shapes,render_legacy/modules/function/render/vulkan/sinclude/lux/engine/render/gpu/pipeline/EngineSetShapes.hpp,,shared provider layout,Scene/View/Material/Light owner,full immutable layout shape,partial reflection not subset layout,RG3,NOT_MIGRATED,a669409a289a6fa4092f21176397795b1cdb7f3e,,05,F3,I11-GATE,"C,S,N,K",,,NOT_MIGRATED
I12,Shader,Shader resource catalog and variants,render_legacy/modules/function/render/vulkan/src/resources/ShaderResources.cpp,,Shader resource owner,Toolchain/cooked ShaderInfo,precompiled variants,variant lifecycle and hot reload last good,RG3,NOT_MIGRATED,a669409a289a6fa4092f21176397795b1cdb7f3e,,05,F3,I12-GATE,"C,S,N,K",,,NOT_MIGRATED
I13,Vulkan,Staging/native transfer,render_legacy/modules/function/render/vulkan/src/gpu/transfer/TransferScheduler.cpp,,Vulkan transfer owner,UPLOAD byte data,staging/copy/submit,GPU fence and byte retention/transfer_idle,RG4,R4_FOUNDATION_ONLY,a669409a289a6fa4092f21176397795b1cdb7f3e,,07,F4,I13-GATE,"C,L,N,P,T",,,HISTORICAL_BASELINE_ONLY
I14,Vulkan,GPU deferred destruction,render_legacy/modules/function/render/vulkan/src/gpu/lifecycle/DeferredDestroyQueue.cpp,,RetirementQueue,Native owner last use,serial-based destroy,real GPU fence not frame count,RG3,R4_FOUNDATION_ONLY,a669409a289a6fa4092f21176397795b1cdb7f3e,,07,F4,I14-GATE,"C,L,N,P,T",,,HISTORICAL_BASELINE_ONLY
I15,Runtime,Runtime owner/lifecycle/reply pump,render_legacy/modules/function/render/runtime/src/RenderRuntime.cpp,,RenderRuntime,EngineRendering,thread/pump/diagnostics/stop,"terminal DeviceLost, ticket abandoned, no spin",RG4,NOT_MIGRATED,a669409a289a6fa4092f21176397795b1cdb7f3e,,08,F5,I15-GATE,"C,N,T,P",,,NOT_MIGRATED
I16,Runtime,Frame Driver GPU fences,render_legacy/modules/function/render/vulkan/src/renderer/FrameDriver.cpp,,VulkanFrameDriver,FrameExecutor,fence CB submit/present,native GPU fail and GPU serial proof,RG4,NOT_MIGRATED,a669409a289a6fa4092f21176397795b1cdb7f3e,,08,F5,I16-GATE,"C,N,T,P",,,NOT_MIGRATED
I17,Runtime,Frame Orchestration/target layers,render_legacy/modules/function/render/vulkan/src/renderer/FrameOrchestrator.cpp,,FrameExecutor,Scene/View/Target,scene-global/view-local/cross-target,"one loop, multi-target and independent progress",RG4,NOT_MIGRATED,a669409a289a6fa4092f21176397795b1cdb7f3e,,08,F5,I17-GATE,"C,N,T,P",,,NOT_MIGRATED
I18,Runtime,Multi scene/multi view Renderer,render_legacy/modules/function/render/vulkan/src/renderer/Renderer.cpp,,SceneRenderer,RenderRuntime,Scene/View membership,"1 Scene 4 Views, multi-scene, mixed graph",RG4,NOT_MIGRATED,a669409a289a6fa4092f21176397795b1cdb7f3e,,08,F5,I18-GATE,"C,N,T,P",,,NOT_MIGRATED
I19,Target,Surface/offscreen target registry,render_legacy/modules/function/render/vulkan/src/renderer/RenderTargetRegistry.cpp,,RenderTargetRegistry,View/Host requests,layer composite/swapchain/offscreen,resize/minimize/retire composite + UI,RG4,NOT_MIGRATED,a669409a289a6fa4092f21176397795b1cdb7f3e,,08,F5,I19-GATE,"C,N,T,P",,,NOT_MIGRATED
I20,Scene,Scene RenderSystem/transaction,render_legacy/engine/scene/builtin_systems/render/src/RenderSystem.cpp,,RenderSystem,World/ECS observer,stable delta packet transaction,"O(changed), revisions and backpressure",DATA1,NOT_MIGRATED,a669409a289a6fa4092f21176397795b1cdb7f3e,,03+08,F7,I20-GATE,"C,N,T,P",,,NOT_MIGRATED
I21,Scene,Asset request and resource dedupe,render_legacy/engine/scene/builtin_systems/render/src/RenderResources.cpp,,RenderResourceDomain,Asset requests,async load/ready/shared assets,same immutable asset in two scenes once,DATA1,NOT_MIGRATED,a669409a289a6fa4092f21176397795b1cdb7f3e,,03+08,F7,I21-GATE,"C,N,T,P",,,NOT_MIGRATED
I22,Scene,Scene resource/view receipts,render_legacy/engine/scene/builtin_systems/render/src/RenderResourceViews.cpp,,Scene-side ResourceDomain,RenderViewRequest,view readiness/generation,"stale View, cancel/stop/resize",DATA1,NOT_MIGRATED,a669409a289a6fa4092f21176397795b1cdb7f3e,,03+08,F7,I22-GATE,"C,N,T,P",,,NOT_MIGRATED
I23,Scene,View camera extraction,render_legacy/engine/scene/builtin_systems/render/src/CameraExtraction.cpp,,ViewCamera Projection,World cameras,per-view stable facts,view origin/rebase and sim-independent camera,DATA1,NOT_MIGRATED,a669409a289a6fa4092f21176397795b1cdb7f3e,,03+08,F7,I23-GATE,"C,N,T,P",,,NOT_MIGRATED
I24,Scene,Feature-centric old sync stage replacement,render_legacy/engine/scene/builtin_systems/render/include/lux/engine/scene/RenderSyncStage.hpp,,Projection typed ops,World/ECS,prepare/commit/discard,no Feature-specific SceneSystem; packet rollback,DATA1,NOT_MIGRATED,a669409a289a6fa4092f21176397795b1cdb7f3e,,03+08,F7,I24-GATE,"C,N,T,P",,,NOT_MIGRATED
I25,UI,UI graphics feature and compositing,render_legacy/modules/function/ui/rendering/src/RenderFeature.cpp,,UI pass provider,Editor UI,compositing,"same FrameDriver/target, no separate Renderer",PARITY-C,NOT_MIGRATED,a669409a289a6fa4092f21176397795b1cdb7f3e,,10,F10,I25-GATE,"C,N,T,P",,,NOT_MIGRATED
I26,Plugin,External feature SDK sample,render_legacy/examples/render-plugin/ExternalFeatureSample.cpp,,FeaturePublicSDK,external DLL,install/pipeline/pass callbacks,install-only public headers; safe unload,RG4,NOT_MIGRATED,a669409a289a6fa4092f21176397795b1cdb7f3e,,09,F6,I26-GATE,"C,K,N,T",,,NOT_MIGRATED
I27,Engine,EngineRendering product integration,render_legacy/engine/context/rendering/src/EngineRendering.cpp,,EngineRendering,Editor/Player/Toolchain,Runtime composition,full product cutover and no old alias,PRODUCT,NOT_MIGRATED,a669409a289a6fa4092f21176397795b1cdb7f3e,,02+08,F11,I27-GATE,"C,N,T,P",,,NOT_MIGRATED
I28,Toolchain,GLSL canonical resource emitter,engine/toolchain/shader/src/lglsl/LglslEmitter.cpp,,ShaderToolchain,C++ PassParams/neutral contracts,auto set/binding,cross-feature shader/local contract,RG1,NOT_MIGRATED,a669409a289a6fa4092f21176397795b1cdb7f3e,,05,F1,I28-GATE,"C,S,N,K",,,NOT_MIGRATED
I29,Toolchain,SPIR-V reflection,engine/toolchain/shader/src/SpirvReflection.cpp,,ShaderInfo metadata,compiled shader,full entrypoint resource info,matches PassParams and source/relocation,RG1,NOT_MIGRATED,a669409a289a6fa4092f21176397795b1cdb7f3e,,05,F1,I29-GATE,"C,S,N,K",,,NOT_MIGRATED
I30,Toolchain,Logical LayoutContract,modules/resource/description/include/lux/engine/description/LayoutContract.hpp,,neutral ShaderInterface,shared resource author,owner category and frequency,single source truth and no parser duplication,RG1,NOT_MIGRATED,a669409a289a6fa4092f21176397795b1cdb7f3e,,05,F1,I30-GATE,"C,S,N,K",,,NOT_MIGRATED
I31,Graph,Per-view shared graph plan and native key,NEW_V2_ARCHITECTURE_REQUIREMENT,DESIGN_TARGET,See final chapter 04+06+08,Per declared typed schema,Per-view shared graph plan and native key,Same RenderPath two View cameras one plan; different shader/native plan not reused,F5,NEW_REQUIRED,NEW_V2,New explicit requirement from final architecture; not a claim of legacy implementation,04+06+08,F5,I31-GATE,"C,L,S,N,T,P,K (as applicable)",,,DESIGN_ONLY
I32,Graph,Pass-scope verified scene work sharing,NEW_V2_ARCHITECTURE_REQUIREMENT,DESIGN_TARGET,See final chapter 04+06+08,Per declared typed schema,Pass-scope verified scene work sharing,Scene skinning one invocation; View GBuffer independent; time/pose mismatch defeats reuse,F5,NEW_REQUIRED,NEW_V2,New explicit requirement from final architecture; not a claim of legacy implementation,04+06+08,F5,I32-GATE,"C,L,S,N,T,P,K (as applicable)",,,DESIGN_ONLY
I33,Vulkan,Vulkan Multiview and fallback,NEW_V2_ARCHITECTURE_REQUIREMENT,DESIGN_TARGET,See final chapter 07+08,Per declared typed schema,Vulkan Multiview and fallback,Layered attachment real GPU two-camera output vs separate draw equality; device limitations,F5,NEW_REQUIRED,NEW_V2,New explicit requirement from final architecture; not a claim of legacy implementation,07+08,F5,I33-GATE,"C,L,S,N,T,P,K (as applicable)",,,DESIGN_ONLY
I34,Graph,Subresource mip/layer and buffer range exact hazards,NEW_V2_ARCHITECTURE_REQUIREMENT,DESIGN_TARGET,See final chapter 04+06,Per declared typed schema,Subresource mip/layer and buffer range exact hazards,Independent oracle nonoverlap/overlap RAW/WAW/WAR and uninitialized range errors,F2,NEW_REQUIRED,NEW_V2,New explicit requirement from final architecture; not a claim of legacy implementation,04+06,F2,I34-GATE,"C,L,S,N,T,P,K (as applicable)",,,DESIGN_ONLY
I35,Vulkan,Actual multi-queue Sync2 and ownership fallback,NEW_V2_ARCHITECTURE_REQUIREMENT,DESIGN_TARGET,See final chapter 07,Per declared typed schema,Actual multi-queue Sync2 and ownership fallback,"Cross queue compute to draw/readback + timeline barriers, single queue fallback",F4,NEW_REQUIRED,NEW_V2,New explicit requirement from final architecture; not a claim of legacy implementation,07,F4,I35-GATE,"C,L,S,N,T,P,K (as applicable)",,,DESIGN_ONLY
I36,Graph,History and conditional pass safe fallback,NEW_V2_ARCHITECTURE_REQUIREMENT,DESIGN_TARGET,See final chapter 04+06+08,Per declared typed schema,History and conditional pass safe fallback,View history resize/camera cut; invalid skipped producer cannot feed consumer,F4,NEW_REQUIRED,NEW_V2,New explicit requirement from final architecture; not a claim of legacy implementation,04+06+08,F4,I36-GATE,"C,L,S,N,T,P,K (as applicable)",,,DESIGN_ONLY
I37,Vulkan,Local read and attachment load/store resolve,NEW_V2_ARCHITECTURE_REQUIREMENT,DESIGN_TARGET,See final chapter 04+07,Per declared typed schema,Local read and attachment load/store resolve,MSAA/depth local read capability and separate-pass fallback real GPU,F4,NEW_REQUIRED,NEW_V2,New explicit requirement from final architecture; not a claim of legacy implementation,04+07,F4,I37-GATE,"C,L,S,N,T,P,K (as applicable)",,,DESIGN_ONLY
I38,Shader,C++20 PassSchema concepts and generated optional ops,NEW_V2_ARCHITECTURE_REQUIREMENT,DESIGN_TARGET,See final chapter 05+09+12,Per declared typed schema,C++20 PassSchema concepts and generated optional ops,Public concept/negative compile and shader reflection C++ layout oracle,F1,NEW_REQUIRED,NEW_V2,New explicit requirement from final architecture; not a claim of legacy implementation,05+09+12,F1,I38-GATE,"C,L,S,N,T,P,K (as applicable)",,,DESIGN_ONLY
I39,Runtime,Unsolicited diagnostic port separate from replies,NEW_V2_ARCHITECTURE_REQUIREMENT,DESIGN_TARGET,See final chapter 03+08,Per declared typed schema,Unsolicited diagnostic port separate from replies,DeviceLost/validation terminal diagnostics bounded/drop accounting,F5,NEW_REQUIRED,NEW_V2,New explicit requirement from final architecture; not a claim of legacy implementation,03+08,F5,I39-GATE,"C,L,S,N,T,P,K (as applicable)",,,DESIGN_ONLY
I40,Scene,Render projection retained revision backpressure,NEW_V2_ARCHITECTURE_REQUIREMENT,DESIGN_TARGET,See final chapter 03,Per declared typed schema,Render projection retained revision backpressure,Create update update remove under PROGRAM pressure retained candidate no lost revision,F7,NEW_REQUIRED,NEW_V2,New explicit requirement from final architecture; not a claim of legacy implementation,03,F7,I40-GATE,"C,L,S,N,T,P,K (as applicable)",,,DESIGN_ONLY
I41,Plugin,Plugin code pin native graph in-flight retirement,NEW_V2_ARCHITECTURE_REQUIREMENT,DESIGN_TARGET,See final chapter 09+13,Per declared typed schema,Plugin code pin native graph in-flight retirement,"External DLL unload while callback/GPU plan in-flight, ABI version rejection",F6,NEW_REQUIRED,NEW_V2,New explicit requirement from final architecture; not a claim of legacy implementation,09+13,F6,I41-GATE,"C,L,S,N,T,P,K (as applicable)",,,DESIGN_ONLY
I42,Toolchain,Shader cache/material last-good hot reload,NEW_V2_ARCHITECTURE_REQUIREMENT,DESIGN_TARGET,See final chapter 05+07,Per declared typed schema,Shader cache/material last-good hot reload,Invalid shader update retains running PSO and registered material; correct new shader swaps,F3,NEW_REQUIRED,NEW_V2,New explicit requirement from final architecture; not a claim of legacy implementation,05+07,F3,I42-GATE,"C,L,S,N,T,P,K (as applicable)",,,DESIGN_ONLY
I43,Runtime,Multi target scene-view layer composition,NEW_V2_ARCHITECTURE_REQUIREMENT,DESIGN_TARGET,See final chapter 08,Per declared typed schema,Multi target scene-view layer composition,"Two surfaces/offscreen targets, UI overlay, target acquire/present, resize/minimize",F5,NEW_REQUIRED,NEW_V2,New explicit requirement from final architecture; not a claim of legacy implementation,08,F5,I43-GATE,"C,L,S,N,T,P,K (as applicable)",,,DESIGN_ONLY
I44,Vulkan,Record hot path no lazy pipeline or heap,NEW_V2_ARCHITECTURE_REQUIREMENT,DESIGN_TARGET,See final chapter 07+13,Per declared typed schema,Record hot path no lazy pipeline or heap,"Full graph warmed draw/compute native P50/P95/no firstparty heap, pipeline count zero",F4,NEW_REQUIRED,NEW_V2,New explicit requirement from final architecture; not a claim of legacy implementation,07+13,F4,I44-GATE,"C,L,S,N,T,P,K (as applicable)",,,DESIGN_ONLY
H01,HighQuality,Virtual Geometry / Nanite-like,UE_QUALITY_NEW_DESIGN,NEW_TYPED_FEATURE_CONTRACT,Concrete Feature/Backend in §11,SceneData/Shader/History,Virtual Geometry / Nanite-like,"GPU cluster hierarchy, error metric/LOD, streaming/page fallback real geometry visual and VRAM refs",F11+H1,NEW_REQUIRED,NEW_V2,"Independent advanced algorithm, not legacy parity",11,F11+H1,H01-GATE,"S,N,T,P,K (as applicable)",,,DESIGN_ONLY
H02,HighQuality,Dynamic GI and Reflections / Lumen-like,UE_QUALITY_NEW_DESIGN,NEW_TYPED_FEATURE_CONTRACT,Concrete Feature/Backend in §11,SceneData/Shader/History,Dynamic GI and Reflections / Lumen-like,"Actual indirect radiance/reflections, static/moving scene reference, temporal denoise/fallback",H2,NEW_REQUIRED,NEW_V2,"Independent advanced algorithm, not legacy parity",11,H2,H02-GATE,"S,N,T,P,K (as applicable)",,,DESIGN_ONLY
H03,HighQuality,Temporal Upscaling / TSR-like,UE_QUALITY_NEW_DESIGN,NEW_TYPED_FEATURE_CONTRACT,Concrete Feature/Backend in §11,SceneData/Shader/History,Temporal Upscaling / TSR-like,"motion+jitter+history reprojection, disocclusion and subpixel motion reference",H3,NEW_REQUIRED,NEW_V2,"Independent advanced algorithm, not legacy parity",11,H3,H03-GATE,"S,N,T,P,K (as applicable)",,,DESIGN_ONLY
H04,HighQuality,Virtual Shadow Maps / VSM-like,UE_QUALITY_NEW_DESIGN,NEW_TYPED_FEATURE_CONTRACT,Concrete Feature/Backend in §11,SceneData/Shader/History,Virtual Shadow Maps / VSM-like,virtual page table feedback/residency/cache invalidation and shadow output,H4,NEW_REQUIRED,NEW_V2,"Independent advanced algorithm, not legacy parity",11,H4,H04-GATE,"S,N,T,P,K (as applicable)",,,DESIGN_ONLY
H05,HighQuality,Advanced BSDF / Volumetric and multiview quality,UE_QUALITY_NEW_DESIGN,NEW_TYPED_FEATURE_CONTRACT,Concrete Feature/Backend in §11,SceneData/Shader/History,Advanced BSDF / Volumetric and multiview quality,compiled layered material+volumetric/transparent reference and SDK quality variants,H5,NEW_REQUIRED,NEW_V2,"Independent advanced algorithm, not legacy parity",11,H5,H05-GATE,"S,N,T,P,K (as applicable)",,,DESIGN_ONLY
H06,HighQuality,3DGS and mixed representations,UE_QUALITY_NEW_DESIGN,NEW_TYPED_FEATURE_CONTRACT,Concrete Feature/Backend in §11,SceneData/Shader/History,3DGS and mixed representations,GPU gaussian tile sorting/transmittance and depth-correct mixed Mesh/PointCloud/3DGS in shared Scene/View/Graph,H6,NEW_REQUIRED,NEW_V2,"Independent advanced algorithm, not legacy parity",11,H6,H06-GATE,"S,N,T,P,K (as applicable)",,,DESIGN_ONLY
