RequirementId,HardRequirement,FinalChapters,EvidenceWorkloads,Phase,QualifiedStatus,EvidenceSHA
REQ01,One runtime/backend/frame loop,00+02+08+17,"W13,W14",F5,DESIGN_ONLY,
REQ02,View does not own graph by default,04+08+19,W05,F5,DESIGN_ONLY,
REQ03,Same path views plan reuse,04+06+08,"W05,W16",F5,DESIGN_ONLY,
REQ04,Scene shared GPU works once only when proven,04+06+08,"W05,W07",F5/F8,DESIGN_ONLY,
REQ05,Multiview optional and separate fallback,07+08,W16,F5,DESIGN_ONLY,
REQ06,Independent Sim/Publication/Render,03+08,W13,F5/F7,DESIGN_ONLY,
REQ07,Three transport lanes without global order,03+13,W17,R2/F7,DESIGN_ONLY,
REQ08,Reply consume or abandon pre-reserved slot,03+13,Existing R2-FIX CTest,R2 preserve,DESIGN_ONLY,
REQ09,Revision retained on backpressure,03,W17,F7,DESIGN_ONLY,
REQ10,"AssetDomain shared across Scenes, no GPU double owner",02+03,W06,F7,DESIGN_ONLY,
REQ11,RenderData Capability GraphResource orthogonal,01+02+03,"W17,W18",F1/F7,DESIGN_ONLY,
REQ12,GraphBuilder typed PassParams interface,04,"W01,W18",F1,DESIGN_ONLY,
REQ13,Pass schema same source C++ Shader Graph,04+05,"W01,W15",F1/F3,DESIGN_ONLY,
REQ14,Shader metadata/refl/LayoutPlan full shape and relocation,05,"W01,W15",F3,DESIGN_ONLY,
REQ15,No manual author shader set binding,05,"W01,W12",F1/F3,DESIGN_ONLY,
REQ16,Per-mip/layer/buffer range logical hazards,04+06,W02,F2,DESIGN_ONLY,
REQ17,Versioned RAW WAW WAR and init proof,06,W02,F2,DESIGN_ONLY,
REQ18,Complete logical Graph compile and culling/conditional,06,"W02,W04",F2,DESIGN_ONLY,
REQ19,Native plan distinct shader/pipeline/device key,06+07,"W05,W15",F3/F4,DESIGN_ONLY,
REQ20,Queue sync2 and real async fallback,07,W03,F4,DESIGN_ONLY,
REQ21,Transient alias based on GPU overlap,06+07,W04,F4,DESIGN_ONLY,
REQ22,"History View owned, resize invalidation",04+08,"W02,W14",F4/F5,DESIGN_ONLY,
REQ23,Target color depth/MSAA local read present,07+08,"W11,W14",F4/F5,DESIGN_ONLY,
REQ24,R4 RAII owner single lifetime,02+07+13,"W03,W14",R4 preserve/F4,DESIGN_ONLY,
REQ25,Feature concrete and optional Concepts hooks,09+12,"W12,W18",F6,DESIGN_ONLY,
REQ26,Plugin installed SDK and code pin unload,09,W12,F6,DESIGN_ONLY,
REQ27,Mesh GPUdriven material variants,10,"W07,W19",F8,DESIGN_ONLY,
REQ28,Light PBR Forward Deferred Clustered,10,"W08,W19",F9,DESIGN_ONLY,
REQ29,PCF EVSM CSM MeshShadow,10,"W08,W19",F9,DESIGN_ONLY,
REQ30,Hzb cull Skinning WAR,10,"W02,W07",F8/F9,DESIGN_ONLY,
REQ31,Terrain/Water/Canvas/5point/Trajectory/RenderCluster,10,"W09,W10,W11,W19",F10,DESIGN_ONLY,
REQ32,UE virtual geometry algorithm,11,W20,H1,DESIGN_ONLY,
REQ33,UE dynamic GI reflections algorithm,11,W21,H2,DESIGN_ONLY,
REQ34,UE temporal superresolution algorithm,11,W22,H3,DESIGN_ONLY,
REQ35,UE virtual shadow mapping algorithm,11,W23,H4,DESIGN_ONLY,
REQ36,UE advanced material/volumetric algorithm,11,W24,H5,DESIGN_ONLY,
REQ37,"C++20-only no C++23, value/algorithm/RAII",12,W18,all,DESIGN_ONLY,
REQ38,Zero first-party warm frame allocations,13,"W13,W19",F4 onward,DESIGN_ONLY,
REQ39,Stop/terminal/device lost fence proof,08+13,W14,F5,DESIGN_ONLY,
REQ40,Independent clean clone I/V STOP,15+16+17,All Workloads,all,DESIGN_ONLY,
REQ41,F0 docs authority no historical report rewrites,17+18,F0 doc integration,F0,DESIGN_ONLY,
REQ42,Legacy frozen 719 blobs and complete parity,01+10+15,W19,all/F11,DESIGN_ONLY,
REQ43,Avoid fake GPU and placeholder unsupported claim,16+17,"W03,W19",all,DESIGN_ONLY,
REQ44,No second parser/Shader metadata registry,05+12,"W01,W15",F1,DESIGN_ONLY,
REQ45,External Feature cannot include backend private,09+12,W12,F6,DESIGN_ONLY,
REQ46,Device capability fallback correct and explicit,07+11+19,"W03,W16,W20",F4 onward,DESIGN_ONLY,
REQ47,Runtime diagnostics separate from reply,03+08,"W14,W17",F5,DESIGN_ONLY,
REQ48,No hidden per Feature SceneSystem/FrameLoop,01+09,"W06,W12",F6/F7,DESIGN_ONLY,
REQ49,Plugin ABI cross DLL no leaking owning STL,09+12,W12,F6,DESIGN_ONLY,
REQ50,R0–R4 historical PASS/NOT_RUN preserved,18,F0 evidence snapshot,F0,DESIGN_ONLY,
REQ51,3DGS same Scene/View/Graph mixed without separate renderer,10+11,W25,H6,DESIGN_ONLY,
