TypeOrFunction,Module,Category,SingleOwnerOrAuthority,Scope,Lifetime,HotPathBehavior,Phase,DesignConstraint
RenderError,render_core,VALUE_OR_STRONG_ID,No native owner; scoped by containing type,Global schema/typed scope,Plain value,Zero dynamic lookup,EXISTING_R1_OR_F1,No ID cross-domain implicit conversion
RenderResult<T>,render_core,VALUE_OR_STRONG_ID,No native owner; scoped by containing type,Global schema/typed scope,Plain value,Zero dynamic lookup,EXISTING_R1_OR_F1,No ID cross-domain implicit conversion
RenderSceneId,render_core,VALUE_OR_STRONG_ID,No native owner; scoped by containing type,Global schema/typed scope,Plain value,Zero dynamic lookup,EXISTING_R1_OR_F1,No ID cross-domain implicit conversion
RenderViewId,render_core,VALUE_OR_STRONG_ID,No native owner; scoped by containing type,Global schema/typed scope,Plain value,Zero dynamic lookup,EXISTING_R1_OR_F1,No ID cross-domain implicit conversion
RenderTargetId,render_core,VALUE_OR_STRONG_ID,No native owner; scoped by containing type,Global schema/typed scope,Plain value,Zero dynamic lookup,EXISTING_R1_OR_F1,No ID cross-domain implicit conversion
RenderDataTypeId,render_core,VALUE_OR_STRONG_ID,No native owner; scoped by containing type,Global schema/typed scope,Plain value,Zero dynamic lookup,EXISTING_R1_OR_F1,No ID cross-domain implicit conversion
SceneCapabilityId,render_core,VALUE_OR_STRONG_ID,No native owner; scoped by containing type,Global schema/typed scope,Plain value,Zero dynamic lookup,EXISTING_R1_OR_F1,No ID cross-domain implicit conversion
GraphResourceId,render_core,VALUE_OR_STRONG_ID,No native owner; scoped by containing type,Global schema/typed scope,Plain value,Zero dynamic lookup,EXISTING_R1_OR_F1,No ID cross-domain implicit conversion
FeatureTypeId,render_core,VALUE_OR_STRONG_ID,No native owner; scoped by containing type,Global schema/typed scope,Plain value,Zero dynamic lookup,EXISTING_R1_OR_F1,No ID cross-domain implicit conversion
FeatureHandle,render_core,VALUE_OR_STRONG_ID,No native owner; scoped by containing type,Global schema/typed scope,Plain value,Zero dynamic lookup,EXISTING_R1_OR_F1,No ID cross-domain implicit conversion
RenderPathId,render_core,VALUE_OR_STRONG_ID,No native owner; scoped by containing type,Global schema/typed scope,Plain value,Zero dynamic lookup,EXISTING_R1_OR_F1,No ID cross-domain implicit conversion
PassKey,render_core,VALUE_OR_STRONG_ID,No native owner; scoped by containing type,Global schema/typed scope,Plain value,Zero dynamic lookup,EXISTING_R1_OR_F1,No ID cross-domain implicit conversion
TransportPort,render_transport,BORROWED_VIEW_OR_TYPED_VALUE,Runtime/owner thread or Scene RenderSystem,Lane or Scene,Until stop/consumer completion,"Fixed route/slot, bounded candidate",R2/F7,No extra EventBus/second asset owner
RenderTransport,render_transport,RUNTIME_OWNER,Runtime/owner thread or Scene RenderSystem,Lane or Scene,Until stop/consumer completion,"Fixed route/slot, bounded candidate",R2/F7,No extra EventBus/second asset owner
RenderPacket,render_transport,BORROWED_VIEW_OR_TYPED_VALUE,Runtime/owner thread or Scene RenderSystem,Lane or Scene,Until stop/consumer completion,"Fixed route/slot, bounded candidate",R2/F7,No extra EventBus/second asset owner
RenderPacketView,render_transport,BORROWED_VIEW_OR_TYPED_VALUE,Runtime/owner thread or Scene RenderSystem,Lane or Scene,Until stop/consumer completion,"Fixed route/slot, bounded candidate",R2/F7,No extra EventBus/second asset owner
RenderReplyInbox,render_transport,BORROWED_VIEW_OR_TYPED_VALUE,Runtime/owner thread or Scene RenderSystem,Lane or Scene,Until stop/consumer completion,"Fixed route/slot, bounded candidate",R2/F7,No extra EventBus/second asset owner
RenderReplyTicket<T>,render_transport,BORROWED_VIEW_OR_TYPED_VALUE,Runtime/owner thread or Scene RenderSystem,Lane or Scene,Until stop/consumer completion,"Fixed route/slot, bounded candidate",R2/F7,No extra EventBus/second asset owner
RenderReplyPromise<T>,render_transport,BORROWED_VIEW_OR_TYPED_VALUE,Runtime/owner thread or Scene RenderSystem,Lane or Scene,Until stop/consumer completion,"Fixed route/slot, bounded candidate",R2/F7,No extra EventBus/second asset owner
ReplyArena,render_transport,RUNTIME_OWNER,Runtime/owner thread or Scene RenderSystem,Lane or Scene,Until stop/consumer completion,"Fixed route/slot, bounded candidate",R2/F7,No extra EventBus/second asset owner
RenderDataWriter<T>,render_transport,BORROWED_VIEW_OR_TYPED_VALUE,Runtime/owner thread or Scene RenderSystem,Lane or Scene,Until stop/consumer completion,"Fixed route/slot, bounded candidate",R2/F7,No extra EventBus/second asset owner
RenderResourceDomain,scene_render,RUNTIME_OWNER,Runtime/owner thread or Scene RenderSystem,Lane or Scene,Until stop/consumer completion,"Fixed route/slot, bounded candidate",R2/F7,No extra EventBus/second asset owner
RenderResourceReceipt,scene_render,BORROWED_VIEW_OR_TYPED_VALUE,Runtime/owner thread or Scene RenderSystem,Lane or Scene,Until stop/consumer completion,"Fixed route/slot, bounded candidate",R2/F7,No extra EventBus/second asset owner
RenderProjection<T>,scene_render,BORROWED_VIEW_OR_TYPED_VALUE,Runtime/owner thread or Scene RenderSystem,Lane or Scene,Until stop/consumer completion,"Fixed route/slot, bounded candidate",R2/F7,No extra EventBus/second asset owner
RenderSystem,scene_render,RUNTIME_OWNER,Runtime/owner thread or Scene RenderSystem,Lane or Scene,Until stop/consumer completion,"Fixed route/slot, bounded candidate",R2/F7,No extra EventBus/second asset owner
TextureDesc,render_graph / resource_description,VALUE_OR_GENERATED_SCHEMA,RenderGraphDefinition/LogicalGraphPlan/Cooked shader,Graph or shader local,Immutable except Builder input / one frame borrow,No allocations for warmed bindings,F1/F2,No Vulkan/Scene/ECS includes
BufferDesc,render_graph / resource_description,VALUE_OR_GENERATED_SCHEMA,RenderGraphDefinition/LogicalGraphPlan/Cooked shader,Graph or shader local,Immutable except Builder input / one frame borrow,No allocations for warmed bindings,F1/F2,No Vulkan/Scene/ECS includes
ImageRange,render_graph / resource_description,VALUE_OR_GENERATED_SCHEMA,RenderGraphDefinition/LogicalGraphPlan/Cooked shader,Graph or shader local,Immutable except Builder input / one frame borrow,No allocations for warmed bindings,F1/F2,No Vulkan/Scene/ECS includes
BufferRange,render_graph / resource_description,VALUE_OR_GENERATED_SCHEMA,RenderGraphDefinition/LogicalGraphPlan/Cooked shader,Graph or shader local,Immutable except Builder input / one frame borrow,No allocations for warmed bindings,F1/F2,No Vulkan/Scene/ECS includes
SubresourceRange,render_graph / resource_description,VALUE_OR_GENERATED_SCHEMA,RenderGraphDefinition/LogicalGraphPlan/Cooked shader,Graph or shader local,Immutable except Builder input / one frame borrow,No allocations for warmed bindings,F1/F2,No Vulkan/Scene/ECS includes
GraphTexture,render_graph / resource_description,VALUE_OR_GENERATED_SCHEMA,RenderGraphDefinition/LogicalGraphPlan/Cooked shader,Graph or shader local,Immutable except Builder input / one frame borrow,No allocations for warmed bindings,F1/F2,No Vulkan/Scene/ECS includes
GraphBuffer,render_graph / resource_description,VALUE_OR_GENERATED_SCHEMA,RenderGraphDefinition/LogicalGraphPlan/Cooked shader,Graph or shader local,Immutable except Builder input / one frame borrow,No allocations for warmed bindings,F1/F2,No Vulkan/Scene/ECS includes
GraphAccess,render_graph / resource_description,VALUE_OR_GENERATED_SCHEMA,RenderGraphDefinition/LogicalGraphPlan/Cooked shader,Graph or shader local,Immutable except Builder input / one frame borrow,No allocations for warmed bindings,F1/F2,No Vulkan/Scene/ECS includes
PassDefinition,render_graph / resource_description,VALUE_OR_GENERATED_SCHEMA,RenderGraphDefinition/LogicalGraphPlan/Cooked shader,Graph or shader local,Immutable except Builder input / one frame borrow,No allocations for warmed bindings,F1/F2,No Vulkan/Scene/ECS includes
GraphDependency,render_graph / resource_description,VALUE_OR_GENERATED_SCHEMA,RenderGraphDefinition/LogicalGraphPlan/Cooked shader,Graph or shader local,Immutable except Builder input / one frame borrow,No allocations for warmed bindings,F1/F2,No Vulkan/Scene/ECS includes
PassResourceName,render_graph / resource_description,VALUE_OR_GENERATED_SCHEMA,RenderGraphDefinition/LogicalGraphPlan/Cooked shader,Graph or shader local,Immutable except Builder input / one frame borrow,No allocations for warmed bindings,F1/F2,No Vulkan/Scene/ECS includes
RenderGraphDefinition,render_graph / resource_description,VALUE_OR_GENERATED_SCHEMA,RenderGraphDefinition/LogicalGraphPlan/Cooked shader,Graph or shader local,Immutable except Builder input / one frame borrow,No allocations for warmed bindings,F1/F2,No Vulkan/Scene/ECS includes
LogicalGraphPlan,render_graph / resource_description,VALUE_OR_GENERATED_SCHEMA,RenderGraphDefinition/LogicalGraphPlan/Cooked shader,Graph or shader local,Immutable except Builder input / one frame borrow,No allocations for warmed bindings,F1/F2,No Vulkan/Scene/ECS includes
LogicalLifetime,render_graph / resource_description,VALUE_OR_GENERATED_SCHEMA,RenderGraphDefinition/LogicalGraphPlan/Cooked shader,Graph or shader local,Immutable except Builder input / one frame borrow,No allocations for warmed bindings,F1/F2,No Vulkan/Scene/ECS includes
FrameGraphBindings,render_graph / resource_description,BORROWED_FRAME_VIEW,RenderGraphDefinition/LogicalGraphPlan/Cooked shader,Graph or shader local,Immutable except Builder input / one frame borrow,No allocations for warmed bindings,F1/F2,No Vulkan/Scene/ECS includes
GraphFrameValues,render_graph / resource_description,VALUE_OR_GENERATED_SCHEMA,RenderGraphDefinition/LogicalGraphPlan/Cooked shader,Graph or shader local,Immutable except Builder input / one frame borrow,No allocations for warmed bindings,F1/F2,No Vulkan/Scene/ECS includes
GraphImportBinding,render_graph / resource_description,VALUE_OR_GENERATED_SCHEMA,RenderGraphDefinition/LogicalGraphPlan/Cooked shader,Graph or shader local,Immutable except Builder input / one frame borrow,No allocations for warmed bindings,F1/F2,No Vulkan/Scene/ECS includes
PassSchema<T>,render_graph / resource_description,VALUE_OR_GENERATED_SCHEMA,RenderGraphDefinition/LogicalGraphPlan/Cooked shader,Graph or shader local,Immutable except Builder input / one frame borrow,No allocations for warmed bindings,F1/F2,No Vulkan/Scene/ECS includes
ShaderInterface,render_graph / resource_description,VALUE_OR_GENERATED_SCHEMA,RenderGraphDefinition/LogicalGraphPlan/Cooked shader,Graph or shader local,Immutable except Builder input / one frame borrow,No allocations for warmed bindings,F1/F2,No Vulkan/Scene/ECS includes
LayoutContract,render_graph / resource_description,VALUE_OR_GENERATED_SCHEMA,RenderGraphDefinition/LogicalGraphPlan/Cooked shader,Graph or shader local,Immutable except Builder input / one frame borrow,No allocations for warmed bindings,F1/F2,No Vulkan/Scene/ECS includes
PassResourceSemantic,render_graph / resource_description,VALUE_OR_GENERATED_SCHEMA,RenderGraphDefinition/LogicalGraphPlan/Cooked shader,Graph or shader local,Immutable except Builder input / one frame borrow,No allocations for warmed bindings,F1/F2,No Vulkan/Scene/ECS includes
RenderGraphBuilder,render_graph,SHORT_BUILDER,Cold compile invocation,Graph cold authoring,Builder until finish()&&; algorithms stateless,Cold allocations allowed; no runtime manager,F1/F2,No duplicated graph owner
PassBuilder,render_graph,SHORT_BUILDER,Cold compile invocation,Graph cold authoring,Builder until finish()&&; algorithms stateless,Cold allocations allowed; no runtime manager,F1/F2,No duplicated graph owner
compileLogical,render_graph,PURE_ALGORITHM,Cold compile invocation,Graph cold authoring,Builder until finish()&&; algorithms stateless,Cold allocations allowed; no runtime manager,F1/F2,No duplicated graph owner
analyzeHazards,render_graph,PURE_ALGORITHM,Cold compile invocation,Graph cold authoring,Builder until finish()&&; algorithms stateless,Cold allocations allowed; no runtime manager,F1/F2,No duplicated graph owner
analyzeSubresourceIntervals,render_graph,PURE_ALGORITHM,Cold compile invocation,Graph cold authoring,Builder until finish()&&; algorithms stateless,Cold allocations allowed; no runtime manager,F1/F2,No duplicated graph owner
cullUnusedPasses,render_graph,PURE_ALGORITHM,Cold compile invocation,Graph cold authoring,Builder until finish()&&; algorithms stateless,Cold allocations allowed; no runtime manager,F1/F2,No duplicated graph owner
resolveCrossFeatureExports,render_graph,PURE_ALGORITHM,Cold compile invocation,Graph cold authoring,Builder until finish()&&; algorithms stateless,Cold allocations allowed; no runtime manager,F1/F2,No duplicated graph owner
analyzeViewScope,render_graph,PURE_ALGORITHM,Cold compile invocation,Graph cold authoring,Builder until finish()&&; algorithms stateless,Cold allocations allowed; no runtime manager,F1/F2,No duplicated graph owner
canonicalizeGraph,render_graph,PURE_ALGORITHM,Cold compile invocation,Graph cold authoring,Builder until finish()&&; algorithms stateless,Cold allocations allowed; no runtime manager,F1/F2,No duplicated graph owner
VulkanInstance,render_vulkan/native,MOVE_ONLY_RAII_OWNER,VulkanBackend native session,Vulkan device/runtime,Until last GPU use fenced,Cold create/retire; no draw allocation,R4_PRESERVE,Already R4; do not fork ownership
VulkanDevice,render_vulkan/native,MOVE_ONLY_RAII_OWNER,VulkanBackend native session,Vulkan device/runtime,Until last GPU use fenced,Cold create/retire; no draw allocation,R4_PRESERVE,Already R4; do not fork ownership
VulkanAllocator,render_vulkan/native,MOVE_ONLY_RAII_OWNER,VulkanBackend native session,Vulkan device/runtime,Until last GPU use fenced,Cold create/retire; no draw allocation,R4_PRESERVE,Already R4; do not fork ownership
Buffer,render_vulkan/native,MOVE_ONLY_RAII_OWNER,VulkanBackend native session,Vulkan device/runtime,Until last GPU use fenced,Cold create/retire; no draw allocation,R4_PRESERVE,Already R4; do not fork ownership
Image,render_vulkan/native,MOVE_ONLY_RAII_OWNER,VulkanBackend native session,Vulkan device/runtime,Until last GPU use fenced,Cold create/retire; no draw allocation,R4_PRESERVE,Already R4; do not fork ownership
DescriptorSetLayout,render_vulkan/native,MOVE_ONLY_RAII_OWNER,VulkanBackend native session,Vulkan device/runtime,Until last GPU use fenced,Cold create/retire; no draw allocation,R4_PRESERVE,Already R4; do not fork ownership
DescriptorPool,render_vulkan/native,MOVE_ONLY_RAII_OWNER,VulkanBackend native session,Vulkan device/runtime,Until last GPU use fenced,Cold create/retire; no draw allocation,R4_PRESERVE,Already R4; do not fork ownership
ShaderModule,render_vulkan/native,MOVE_ONLY_RAII_OWNER,VulkanBackend native session,Vulkan device/runtime,Until last GPU use fenced,Cold create/retire; no draw allocation,R4_PRESERVE,Already R4; do not fork ownership
PipelineLayout,render_vulkan/native,MOVE_ONLY_RAII_OWNER,VulkanBackend native session,Vulkan device/runtime,Until last GPU use fenced,Cold create/retire; no draw allocation,R4_PRESERVE,Already R4; do not fork ownership
ComputePipeline,render_vulkan/native,MOVE_ONLY_RAII_OWNER,VulkanBackend native session,Vulkan device/runtime,Until last GPU use fenced,Cold create/retire; no draw allocation,R4_PRESERVE,Already R4; do not fork ownership
SubmissionQueue,render_vulkan/native,MOVE_ONLY_RAII_OWNER,VulkanBackend native session,Vulkan device/runtime,Until last GPU use fenced,Cold create/retire; no draw allocation,R4_PRESERVE,Already R4; do not fork ownership
StagingArena,render_vulkan/native,MOVE_ONLY_RAII_OWNER,VulkanBackend native session,Vulkan device/runtime,Until last GPU use fenced,Cold create/retire; no draw allocation,R4_PRESERVE,Already R4; do not fork ownership
RetirementQueue,render_vulkan/native,MOVE_ONLY_RAII_OWNER,VulkanBackend native session,Vulkan device/runtime,Until last GPU use fenced,Cold create/retire; no draw allocation,R4_PRESERVE,Already R4; do not fork ownership
ShaderLayoutPlan,render_vulkan/graph,NATIVE_COMPILED_VALUE_OR_BORROW,VulkanBackend compiled plan/native session,Backend/device,Compiled plan and GPU last-use; record context one invocation,Precompiled recipes and fixed per-FIF storage,F3/F4,No lazy pipelines; no graph public Vk types
SpirvRelocation,render_vulkan/graph,NATIVE_COMPILED_VALUE_OR_BORROW,VulkanBackend compiled plan/native session,Backend/device,Compiled plan and GPU last-use; record context one invocation,Precompiled recipes and fixed per-FIF storage,F3/F4,No lazy pipelines; no graph public Vk types
DescriptorBindingRecipe,render_vulkan/graph,NATIVE_COMPILED_VALUE_OR_BORROW,VulkanBackend compiled plan/native session,Backend/device,Compiled plan and GPU last-use; record context one invocation,Precompiled recipes and fixed per-FIF storage,F3/F4,No lazy pipelines; no graph public Vk types
GraphicsPipeline,render_vulkan/graph,NATIVE_OWNER,VulkanBackend compiled plan/native session,Backend/device,Compiled plan and GPU last-use; record context one invocation,Precompiled recipes and fixed per-FIF storage,F3/F4,No lazy pipelines; no graph public Vk types
PhysicalResourcePlan,render_vulkan/graph,NATIVE_COMPILED_VALUE_OR_BORROW,VulkanBackend compiled plan/native session,Backend/device,Compiled plan and GPU last-use; record context one invocation,Precompiled recipes and fixed per-FIF storage,F3/F4,No lazy pipelines; no graph public Vk types
BarrierProgram,render_vulkan/graph,NATIVE_COMPILED_VALUE_OR_BORROW,VulkanBackend compiled plan/native session,Backend/device,Compiled plan and GPU last-use; record context one invocation,Precompiled recipes and fixed per-FIF storage,F3/F4,No lazy pipelines; no graph public Vk types
QueueSubmissionPlan,render_vulkan/graph,NATIVE_COMPILED_VALUE_OR_BORROW,VulkanBackend compiled plan/native session,Backend/device,Compiled plan and GPU last-use; record context one invocation,Precompiled recipes and fixed per-FIF storage,F3/F4,No lazy pipelines; no graph public Vk types
VulkanGraphCompileInputs,render_vulkan/graph,NATIVE_COMPILED_VALUE_OR_BORROW,VulkanBackend compiled plan/native session,Backend/device,Compiled plan and GPU last-use; record context one invocation,Precompiled recipes and fixed per-FIF storage,F3/F4,No lazy pipelines; no graph public Vk types
compileVulkan,render_vulkan/graph,PURE_ALGORITHM,VulkanBackend compiled plan/native session,Backend/device,Compiled plan and GPU last-use; record context one invocation,Precompiled recipes and fixed per-FIF storage,F3/F4,No lazy pipelines; no graph public Vk types
ExecutableGraphPlan,render_vulkan/graph,NATIVE_OWNER,VulkanBackend compiled plan/native session,Backend/device,Compiled plan and GPU last-use; record context one invocation,Precompiled recipes and fixed per-FIF storage,F3/F4,No lazy pipelines; no graph public Vk types
NativeGraphResourceOwner,render_vulkan/graph,NATIVE_OWNER,VulkanBackend compiled plan/native session,Backend/device,Compiled plan and GPU last-use; record context one invocation,Precompiled recipes and fixed per-FIF storage,F3/F4,No lazy pipelines; no graph public Vk types
GraphRecordContext,render_vulkan/graph,NATIVE_COMPILED_VALUE_OR_BORROW,VulkanBackend compiled plan/native session,Backend/device,Compiled plan and GPU last-use; record context one invocation,Precompiled recipes and fixed per-FIF storage,F3/F4,No lazy pipelines; no graph public Vk types
GraphicsPassContext,render_vulkan/graph,NATIVE_COMPILED_VALUE_OR_BORROW,VulkanBackend compiled plan/native session,Backend/device,Compiled plan and GPU last-use; record context one invocation,Precompiled recipes and fixed per-FIF storage,F3/F4,No lazy pipelines; no graph public Vk types
ComputePassContext,render_vulkan/graph,NATIVE_COMPILED_VALUE_OR_BORROW,VulkanBackend compiled plan/native session,Backend/device,Compiled plan and GPU last-use; record context one invocation,Precompiled recipes and fixed per-FIF storage,F3/F4,No lazy pipelines; no graph public Vk types
TransferPassContext,render_vulkan/graph,NATIVE_COMPILED_VALUE_OR_BORROW,VulkanBackend compiled plan/native session,Backend/device,Compiled plan and GPU last-use; record context one invocation,Precompiled recipes and fixed per-FIF storage,F3/F4,No lazy pipelines; no graph public Vk types
FrameResourceTable,render_vulkan/graph,NATIVE_COMPILED_VALUE_OR_BORROW,VulkanBackend compiled plan/native session,Backend/device,Compiled plan and GPU last-use; record context one invocation,Precompiled recipes and fixed per-FIF storage,F3/F4,No lazy pipelines; no graph public Vk types
RenderRuntime,render_runtime / render_vulkan/backend / render_vulkan/feature,RUNTIME_OWNER,Product/EngineRendering,Backend/Scene/View/Target/Plugin,"While membership/frame/code pin, accurate fence retirement","One frame loop, preallocated ViewGroup",F5/F6,View does not own GraphPlan by default; plugin code pin safe
VulkanBackend,render_runtime / render_vulkan/backend / render_vulkan/feature,RUNTIME_OWNER,VulkanBackend,Backend/Scene/View/Target/Plugin,"While membership/frame/code pin, accurate fence retirement","One frame loop, preallocated ViewGroup",F5/F6,View does not own GraphPlan by default; plugin code pin safe
SceneRenderer,render_runtime / render_vulkan/backend / render_vulkan/feature,RUNTIME_OWNER,VulkanBackend,Backend/Scene/View/Target/Plugin,"While membership/frame/code pin, accurate fence retirement","One frame loop, preallocated ViewGroup",F5/F6,View does not own GraphPlan by default; plugin code pin safe
RenderScene,render_runtime / render_vulkan/backend / render_vulkan/feature,RUNTIME_OWNER,VulkanBackend,Backend/Scene/View/Target/Plugin,"While membership/frame/code pin, accurate fence retirement","One frame loop, preallocated ViewGroup",F5/F6,View does not own GraphPlan by default; plugin code pin safe
RenderView,render_runtime / render_vulkan/backend / render_vulkan/feature,RUNTIME_OWNER,VulkanBackend,Backend/Scene/View/Target/Plugin,"While membership/frame/code pin, accurate fence retirement","One frame loop, preallocated ViewGroup",F5/F6,View does not own GraphPlan by default; plugin code pin safe
FrameExecutor,render_runtime / render_vulkan/backend / render_vulkan/feature,OPS_SCHEMA_OR_BORROW,VulkanBackend,Backend/Scene/View/Target/Plugin,"While membership/frame/code pin, accurate fence retirement","One frame loop, preallocated ViewGroup",F5/F6,View does not own GraphPlan by default; plugin code pin safe
VulkanFrameDriver,render_runtime / render_vulkan/backend / render_vulkan/feature,RUNTIME_OWNER,VulkanBackend,Backend/Scene/View/Target/Plugin,"While membership/frame/code pin, accurate fence retirement","One frame loop, preallocated ViewGroup",F5/F6,View does not own GraphPlan by default; plugin code pin safe
RenderTarget,render_runtime / render_vulkan/backend / render_vulkan/feature,RUNTIME_OWNER,VulkanBackend,Backend/Scene/View/Target/Plugin,"While membership/frame/code pin, accurate fence retirement","One frame loop, preallocated ViewGroup",F5/F6,View does not own GraphPlan by default; plugin code pin safe
PresentTarget,render_runtime / render_vulkan/backend / render_vulkan/feature,OPS_SCHEMA_OR_BORROW,VulkanBackend,Backend/Scene/View/Target/Plugin,"While membership/frame/code pin, accurate fence retirement","One frame loop, preallocated ViewGroup",F5/F6,View does not own GraphPlan by default; plugin code pin safe
OffscreenTarget,render_runtime / render_vulkan/backend / render_vulkan/feature,OPS_SCHEMA_OR_BORROW,VulkanBackend,Backend/Scene/View/Target/Plugin,"While membership/frame/code pin, accurate fence retirement","One frame loop, preallocated ViewGroup",F5/F6,View does not own GraphPlan by default; plugin code pin safe
ReadbackTarget,render_runtime / render_vulkan/backend / render_vulkan/feature,OPS_SCHEMA_OR_BORROW,VulkanBackend,Backend/Scene/View/Target/Plugin,"While membership/frame/code pin, accurate fence retirement","One frame loop, preallocated ViewGroup",F5/F6,View does not own GraphPlan by default; plugin code pin safe
ViewGroup,render_runtime / render_vulkan/backend / render_vulkan/feature,EPHEMERAL_VALUE,VulkanBackend,Backend/Scene/View/Target/Plugin,"While membership/frame/code pin, accurate fence retirement","One frame loop, preallocated ViewGroup",F5/F6,View does not own GraphPlan by default; plugin code pin safe
RenderInvocation,render_runtime / render_vulkan/backend / render_vulkan/feature,EPHEMERAL_VALUE,VulkanBackend,Backend/Scene/View/Target/Plugin,"While membership/frame/code pin, accurate fence retirement","One frame loop, preallocated ViewGroup",F5/F6,View does not own GraphPlan by default; plugin code pin safe
ViewCameraData,render_runtime / render_vulkan/backend / render_vulkan/feature,OPS_SCHEMA_OR_BORROW,VulkanBackend,Backend/Scene/View/Target/Plugin,"While membership/frame/code pin, accurate fence retirement","One frame loop, preallocated ViewGroup",F5/F6,View does not own GraphPlan by default; plugin code pin safe
ViewHistoryState,render_runtime / render_vulkan/backend / render_vulkan/feature,OPS_SCHEMA_OR_BORROW,VulkanBackend,Backend/Scene/View/Target/Plugin,"While membership/frame/code pin, accurate fence retirement","One frame loop, preallocated ViewGroup",F5/F6,View does not own GraphPlan by default; plugin code pin safe
FeatureInstance,render_runtime / render_vulkan/backend / render_vulkan/feature,RUNTIME_OWNER,VulkanBackend,Backend/Scene/View/Target/Plugin,"While membership/frame/code pin, accurate fence retirement","One frame loop, preallocated ViewGroup",F5/F6,View does not own GraphPlan by default; plugin code pin safe
SceneCapabilityIndex,render_runtime / render_vulkan/backend / render_vulkan/feature,NONOWNING_INDEX,VulkanBackend,Backend/Scene/View/Target/Plugin,"While membership/frame/code pin, accurate fence retirement","One frame loop, preallocated ViewGroup",F5/F6,View does not own GraphPlan by default; plugin code pin safe
FeatureOps,render_runtime / render_vulkan/backend / render_vulkan/feature,OPS_SCHEMA_OR_BORROW,VulkanBackend,Backend/Scene/View/Target/Plugin,"While membership/frame/code pin, accurate fence retirement","One frame loop, preallocated ViewGroup",F5/F6,View does not own GraphPlan by default; plugin code pin safe
FeatureDescriptor,render_runtime / render_vulkan/backend / render_vulkan/feature,OPS_SCHEMA_OR_BORROW,VulkanBackend,Backend/Scene/View/Target/Plugin,"While membership/frame/code pin, accurate fence retirement","One frame loop, preallocated ViewGroup",F5/F6,View does not own GraphPlan by default; plugin code pin safe
FeatureCodePin,render_runtime / render_vulkan/backend / render_vulkan/feature,RUNTIME_OWNER,VulkanBackend,Backend/Scene/View/Target/Plugin,"While membership/frame/code pin, accurate fence retirement","One frame loop, preallocated ViewGroup",F5/F6,View does not own GraphPlan by default; plugin code pin safe
FeatureRegistration,render_runtime / render_vulkan/backend / render_vulkan/feature,OPS_SCHEMA_OR_BORROW,VulkanBackend,Backend/Scene/View/Target/Plugin,"While membership/frame/code pin, accurate fence retirement","One frame loop, preallocated ViewGroup",F5/F6,View does not own GraphPlan by default; plugin code pin safe
PluginExportsV1,render_runtime / render_vulkan/backend / render_vulkan/feature,OPS_SCHEMA_OR_BORROW,VulkanBackend,Backend/Scene/View/Target/Plugin,"While membership/frame/code pin, accurate fence retirement","One frame loop, preallocated ViewGroup",F5/F6,View does not own GraphPlan by default; plugin code pin safe
MeshSceneData,render_features,SCENE_PROVIDER_OR_VIEW_STATE,Concrete FeatureInstance or actual RenderScene provider,Scene or View,Semantic lifetime plus GPU in-flight fence,Typed fixed handle and indexed SoA,F8/F9/F10,No per-Feature FrameLoop; owner scope accurate
LightSceneData,render_features,SCENE_PROVIDER_OR_VIEW_STATE,Concrete FeatureInstance or actual RenderScene provider,Scene or View,Semantic lifetime plus GPU in-flight fence,Typed fixed handle and indexed SoA,F8/F9/F10,No per-Feature FrameLoop; owner scope accurate
MaterialSceneData,render_features,SCENE_PROVIDER_OR_VIEW_STATE,Concrete FeatureInstance or actual RenderScene provider,Scene or View,Semantic lifetime plus GPU in-flight fence,Typed fixed handle and indexed SoA,F8/F9/F10,No per-Feature FrameLoop; owner scope accurate
ViewCameraSceneData,render_features,SCENE_PROVIDER_OR_VIEW_STATE,Concrete FeatureInstance or actual RenderScene provider,Scene or View,Semantic lifetime plus GPU in-flight fence,Typed fixed handle and indexed SoA,F8/F9/F10,No per-Feature FrameLoop; owner scope accurate
PointCloudSceneData,render_features,SCENE_PROVIDER_OR_VIEW_STATE,Concrete FeatureInstance or actual RenderScene provider,Scene or View,Semantic lifetime plus GPU in-flight fence,Typed fixed handle and indexed SoA,F8/F9/F10,No per-Feature FrameLoop; owner scope accurate
TerrainSceneData,render_features,SCENE_PROVIDER_OR_VIEW_STATE,Concrete FeatureInstance or actual RenderScene provider,Scene or View,Semantic lifetime plus GPU in-flight fence,Typed fixed handle and indexed SoA,F8/F9/F10,No per-Feature FrameLoop; owner scope accurate
WaterSceneData,render_features,SCENE_PROVIDER_OR_VIEW_STATE,Concrete FeatureInstance or actual RenderScene provider,Scene or View,Semantic lifetime plus GPU in-flight fence,Typed fixed handle and indexed SoA,F8/F9/F10,No per-Feature FrameLoop; owner scope accurate
Canvas2DSceneData,render_features,SCENE_PROVIDER_OR_VIEW_STATE,Concrete FeatureInstance or actual RenderScene provider,Scene or View,Semantic lifetime plus GPU in-flight fence,Typed fixed handle and indexed SoA,F8/F9/F10,No per-Feature FrameLoop; owner scope accurate
SkinningResources,render_features,SCENE_PROVIDER_OR_VIEW_STATE,Concrete FeatureInstance or actual RenderScene provider,Scene or View,Semantic lifetime plus GPU in-flight fence,Typed fixed handle and indexed SoA,F8/F9/F10,No per-Feature FrameLoop; owner scope accurate
ShadowResources,render_features,SCENE_PROVIDER_OR_VIEW_STATE,Concrete FeatureInstance or actual RenderScene provider,Scene or View,Semantic lifetime plus GPU in-flight fence,Typed fixed handle and indexed SoA,F8/F9/F10,No per-Feature FrameLoop; owner scope accurate
InstanceResources,render_features,SCENE_PROVIDER_OR_VIEW_STATE,Concrete FeatureInstance or actual RenderScene provider,Scene or View,Semantic lifetime plus GPU in-flight fence,Typed fixed handle and indexed SoA,F8/F9/F10,No per-Feature FrameLoop; owner scope accurate
TextureResources,render_features,SCENE_PROVIDER_OR_VIEW_STATE,Concrete FeatureInstance or actual RenderScene provider,Scene or View,Semantic lifetime plus GPU in-flight fence,Typed fixed handle and indexed SoA,F8/F9/F10,No per-Feature FrameLoop; owner scope accurate
MaterialResources,render_features,SCENE_PROVIDER_OR_VIEW_STATE,Concrete FeatureInstance or actual RenderScene provider,Scene or View,Semantic lifetime plus GPU in-flight fence,Typed fixed handle and indexed SoA,F8/F9/F10,No per-Feature FrameLoop; owner scope accurate
VertexPoolResources,render_features,SCENE_PROVIDER_OR_VIEW_STATE,Concrete FeatureInstance or actual RenderScene provider,Scene or View,Semantic lifetime plus GPU in-flight fence,Typed fixed handle and indexed SoA,F8/F9/F10,No per-Feature FrameLoop; owner scope accurate
TerrainPageCache,render_features,SCENE_PROVIDER_OR_VIEW_STATE,Concrete FeatureInstance or actual RenderScene provider,Scene or View,Semantic lifetime plus GPU in-flight fence,Typed fixed handle and indexed SoA,F8/F9/F10,No per-Feature FrameLoop; owner scope accurate
PointCloudOctree,render_features,SCENE_PROVIDER_OR_VIEW_STATE,Concrete FeatureInstance or actual RenderScene provider,Scene or View,Semantic lifetime plus GPU in-flight fence,Typed fixed handle and indexed SoA,F8/F9/F10,No per-Feature FrameLoop; owner scope accurate
TrajectoryGlobalBuffer,render_features,SCENE_PROVIDER_OR_VIEW_STATE,Concrete FeatureInstance or actual RenderScene provider,Scene or View,Semantic lifetime plus GPU in-flight fence,Typed fixed handle and indexed SoA,F8/F9/F10,No per-Feature FrameLoop; owner scope accurate
HZBHistory,render_features,SCENE_PROVIDER_OR_VIEW_STATE,Concrete FeatureInstance or actual RenderScene provider,Scene or View,Semantic lifetime plus GPU in-flight fence,Typed fixed handle and indexed SoA,F8/F9/F10,No per-Feature FrameLoop; owner scope accurate
TAAHistory,render_features,SCENE_PROVIDER_OR_VIEW_STATE,Concrete FeatureInstance or actual RenderScene provider,Scene or View,Semantic lifetime plus GPU in-flight fence,Typed fixed handle and indexed SoA,F8/F9/F10,No per-Feature FrameLoop; owner scope accurate
RenderClusterSceneData,render_features,SCENE_PROVIDER_OR_VIEW_STATE,Concrete FeatureInstance or actual RenderScene provider,Scene or View,Semantic lifetime plus GPU in-flight fence,Typed fixed handle and indexed SoA,F8/F9/F10,No per-Feature FrameLoop; owner scope accurate
GpuDrivenCullBuffers,render_features,SCENE_PROVIDER_OR_VIEW_STATE,Concrete FeatureInstance or actual RenderScene provider,Scene or View,Semantic lifetime plus GPU in-flight fence,Typed fixed handle and indexed SoA,F8/F9/F10,No per-Feature FrameLoop; owner scope accurate
GaussianSplatSceneData,render_features / render_graph,SCENE_PROVIDER_OR_TYPED_VALUE,GaussianSplat concrete FeatureInstance / Backend Plan,Scene/View/Graph,"Typed data persistent, View tile-sorting ephemeral","GPU sort/composite per actual camera, shared uploaded representation",H6,Same Scene/View/Target/Graph as Mesh and PointCloud; not F33 soft splat
GaussianSplatParameters,render_features / render_graph,SCENE_PROVIDER_OR_TYPED_VALUE,GaussianSplat concrete FeatureInstance / Backend Plan,Scene/View/Graph,"Typed data persistent, View tile-sorting ephemeral","GPU sort/composite per actual camera, shared uploaded representation",H6,Same Scene/View/Target/Graph as Mesh and PointCloud; not F33 soft splat
GaussianTileSortBuffer,render_features / render_graph,SCENE_PROVIDER_OR_TYPED_VALUE,GaussianSplat concrete FeatureInstance / Backend Plan,Scene/View/Graph,"Typed data persistent, View tile-sorting ephemeral","GPU sort/composite per actual camera, shared uploaded representation",H6,Same Scene/View/Target/Graph as Mesh and PointCloud; not F33 soft splat
GaussianSplatPassRecipe,render_features / render_graph,SCENE_PROVIDER_OR_TYPED_VALUE,GaussianSplat concrete FeatureInstance / Backend Plan,Scene/View/Graph,"Typed data persistent, View tile-sorting ephemeral","GPU sort/composite per actual camera, shared uploaded representation",H6,Same Scene/View/Target/Graph as Mesh and PointCloud; not F33 soft splat
